PABLB	PAONX	44
PAONX	PABLB	44
EGSUZ	EGPSD	90
EGPSD	EGSUZ	90


AEDXB	AEJEA	1
AEDXB	AUCLN	5115
AEDXB	AUFRE	5045
AEDXB	INNSA	1187
AEDXB	JCT_SELAT_SUNDA_INDONESIA	3724
AEDXB	LKCMB	1954
AEDXB	MYPEN	3221
AEDXB	SAJBI	330
AEDXB	SGSIN	3517
AEDXB	YEADE	1593
AEJEA	AEDXB	1
AEJEA	ZACGH	4812
ANWIL	BZBZE	1178
ANWIL	COBAQ	389
ANWIL	COCTG	471
ANWIL	CUMZO	746
ANWIL	GHTKD	4040
ANWIL	LCCAS	489
ANWIL	MQFDF	495
ANWIL	NGAPP	4345
ANWIL	PAONX	698
ANWIL	TTPTS	456
ANWIL	USXMX	1444
ANWIL	USZB4	1472
ANWIL	VELAG	150
ANWIL	VEPBL	116
ANWIL	ZACPT	5740
AOLAD	AOLOB	237
AOLAD	BRMAO	4630
AOLAD	BRPNG	3768
AOLAD	BRVIX	3229
AOLAD	CDBOA	190
AOLAD	CDMAT	269
AOLAD	CGPNR	266
AOLAD	CIABJ	1345
AOLAD	CVGRA	2778
AOLAD	GAPOG	593
AOLAD	MAAGA	3507
AOLAD	UYMVD	4024
AOLAD	ZACGH	1627
AOLAD	ZACPT	1601
AOLOB	AOLAD	237
AOLOB	CGPNR	473
AOLOB	FRCQE	4670
AOLOB	ZACGH	1440
AOSZA	CGPNR	97
AOSZA	CLPUQ	4985
AOSZA	ZACPT	1727
ARBHI	ARBUE	564
ARBHI	BRSSZ	1292
ARBHI	CLPUQ	1004
ARBHI	USPXX	6201
ARBHI	USZ2A	6228
ARBHI	UYMVD	466
ARBUE	ARBHI	564
ARBUE	ARMDQ	276
ARBUE	ARPMY	748
ARBUE	ARPUD	965
ARBUE	BJCOO	4137
ARBUE	BRNAT	2329
ARBUE	BRPNG	895
ARBUE	BRREC	2181
ARBUE	BRVIX	1356
ARBUE	CAMTR	6455
ARBUE	CDMAT	4224
ARBUE	CIABJ	3771
ARBUE	CUGUB	5213
ARBUE	CUHAV	5671
ARBUE	ESSCT	4619
ARBUE	ESVGO	5518
ARBUE	GAPOG	4141
ARBUE	GBBIK	5947
ARBUE	GBPDS	6491
ARBUE	GIGIB	5280
ARBUE	GYGEO	3954
ARBUE	JCT_STRAITS_OF_FLORIDA	5713
ARBUE	PTFNC	4823
ARBUE	SHTDC	3052
ARBUE	SLFNA	3712
ARBUE	SNDKR	3864
ARBUE	USILM	5805
ARBUE	USWSJ	4713
ARBUE	USXMX	5854
ARBUE	USZB4	5822
ARBUE	UYMVD	125
ARBUE	VICHA	4648
ARBUE	ZACGH	3704
ARBUE	ZACPT	3720
ARMDQ	ARBUE	276
ARMDQ	CLPUQ	1112
ARPMY	ARBUE	748
ARPMY	CLPUQ	760
ARPUD	ARBUE	965
ARPUD	BRPNG	1566
ARPUD	BRSSZ	1691
ARPUD	BRVIX	2033
ARPUD	CDMAT	4716
ARPUD	CGPNR	4697
ARPUD	CIABJ	4547
ARPUD	CLPUQ	440
ARPUD	CMDLA	5009
ARPUD	GALBV	4810
ARPUD	GAPOG	4758
ARPUD	GHTKD	4452
ARPUD	GUGUM	8442
ARPUD	INMAA	8639
ARPUD	LRMLW	4353
ARPUD	PKKHI	8383
ARPUD	UYMVD	897
ARPUD	ZACPT	3729
ARUSH	BRVIX	2427
ARUSH	CLARI	2291
ARUSH	CLSAI	1459
ARUSH	ECGYQ	3244
ARUSH	GHTKD	4860
ARUSH	GNCKY	4619
ARUSH	LRMLW	4448
ARUSH	SLFNA	4596
ARUSH	TGLFW	4833
ASPPG	AUMEL	2851
ASPPG	AUPWI	2707
ASPPG	CAVAN	4637
ASPPG	NZWLG	1847
ASPPG	USLAX	4163
AUADL	AUALH	1024
AUADL	AUCLN	1165
AUADL	AUFRE	1343
AUADL	AUMEL	512
AUADL	AUPWI	537
AUADL	JCT_SELAT_SUNDA_INDONESIA	2980
AUADL	MUPLU	4323
AUADL	NZLYT	1909
AUADL	TZDAR	5657
AUADL	ZACGH	5754
AUADL	ZADUR	5160
AUADL	ZAPLZ	5467
AUALH	AUADL	1024
AUALH	AUHBA	1494
AUALH	AUMEL	1363
AUALH	AUPWI	1378
AUALH	MUPLU	3340
AUALH	MYMKZ	2602
AUALH	ZADUR	4270
AUBNE	AUCNS	827
AUBNE	AUPWI	931
AUBNE	AUSYD	529
AUBNE	CLSAI	6289
AUBNE	CNFOC	3916
AUBNE	CNSHA	4243
AUBNE	JPYOK	3925
AUBNE	MXLZC	6668
AUBNE	NCNOU	807
AUBNE	NZAKL	1340
AUBNE	NZNSN	1380
AUBNE	NZWLG	1453
AUBNE	NZWRE	1311
AUBNE	PABLB	7687
AUBNE	PFPPT	3234
AUBNE	PGRAB	1434
AUBNE	PHGES	2911
AUBNE	TVFUN	1895
AUBNE	USDUT	5369
AUBNE	USHNL	4117
AUBNE	USLAX	6274
AUBNE	USSEA	6471
AUBWB	AUFRE	771
AUBWB	JCT_TORRES_STRAIT_AUSTRALIA	1750
AUBWB	KRPUS	3484
AUBWB	USSFO	7646
AUBWB	ZACGH	5032
AUCLN	AEDXB	5115
AUCLN	AUADL	1165
AUCLN	AUFRE	181
AUCLN	AUHBA	1628
AUCLN	AUMEL	1497
AUCLN	AUPWI	1524
AUCLN	EGRSH	6094
AUCLN	IDLOM	1571
AUCLN	IDPNJ	1829
AUCLN	INMAA	3480
AUCLN	INNSA	4059
AUCLN	IRLVP	5121
AUCLN	JCT_SELAT_SUNDA_INDONESIA	1815
AUCLN	KWSWK	5426
AUCLN	LKCMB	3203
AUCLN	MUPLU	3214
AUCLN	NZLYT	2792
AUCLN	NZNSN	2794
AUCLN	OMSLL	4791
AUCLN	PKKHI	4512
AUCLN	SAJBI	5276
AUCLN	YEADE	4958
AUCLN	ZARCB	4129
AUCNS	AUBNE	827
AUCNS	JCT_TORRES_STRAIT_AUSTRALIA	505
AUCNS	NZWLG	2122
AUDRW	AUPWL	953
AUDRW	GUGUM	1925
AUDRW	JCT_TORRES_STRAIT_AUSTRALIA	735
AUDRW	ZADUR	5561
AUDRW	ZAPLZ	5767
AUFRE	AEDXB	5045
AUFRE	AUADL	1343
AUFRE	AUBWB	771
AUFRE	AUCLN	181
AUFRE	AUPWL	873
AUFRE	AUYAM	1048
AUFRE	BRVIX	7676
AUFRE	EGSUZ	6198
AUFRE	IDLOM	1440
AUFRE	INMAA	3393
AUFRE	INNSA	3984
AUFRE	JCT_SELAT_SUNDA_INDONESIA	1691
AUFRE	KEMBA	4564
AUFRE	KWSWK	5429
AUFRE	LKCMB	3122
AUFRE	MUPLU	3202
AUFRE	PKKHI	4446
AUFRE	SAJBI	5248
AUFRE	TZDAR	4513
AUFRE	YEADE	4921
AUFRE	ZADUR	4243
AUFRE	ZAELS	4304
AUFRE	ZAMZY	4525
AUGOV	JCT_SELAT_WATAR_INDONESIA	611
AUGOV	JCT_TORRES_STRAIT_AUSTRALIA	346
AUHBA	AUALH	1494
AUHBA	AUCLN	1628
AUHBA	NZPOE	1061
AUHBA	PABLB	7630
AUMEL	ASPPG	2851
AUMEL	AUADL	512
AUMEL	AUALH	1363
AUMEL	AUCLN	1497
AUMEL	AUPWI	154
AUMEL	GUGUM	3418
AUMEL	NCNOU	1595
AUMEL	NZAKL	1649
AUMEL	NZLYT	1518
AUMEL	NZNPL	1410
AUMEL	NZPOE	1339
AUMEL	PABLB	7928
AUMEL	PFPPT	3691
AUMEL	USDUT	6321
AUMEL	USHNL	4942
AUMEL	USSEA	7332
AUMEL	USSFO	6970
AUPWI	ASPPG	2707
AUPWI	AUADL	537
AUPWI	AUALH	1378
AUPWI	AUBNE	931
AUPWI	AUCLN	1524
AUPWI	AUMEL	154
AUPWI	AUSYD	440
AUPWI	CLVAP	6031
AUPWI	FJSUV	2088
AUPWI	NZAKL	1503
AUPWI	NZNPL	1282
AUPWI	NZPOE	1201
AUPWI	NZWAG	1326
AUPWI	NZWLG	1338
AUPWI	PABLB	7842
AUPWI	PFPPT	3546
AUPWI	SVAQJ	7519
AUPWI	USHNL	4792
AUPWI	USSEA	7181
AUPWI	USSFO	6817
AUPWI	ZACGH	5530
AUPWL	AUDRW	953
AUPWL	AUFRE	873
AUSYD	AUBNE	529
AUSYD	AUPWI	440
AUSYD	CNSHA	4642
AUSYD	CNTAO	4871
AUSYD	FJSUV	1738
AUSYD	GUGUM	3006
AUSYD	JCT_TORRES_STRAIT_AUSTRALIA	1670
AUSYD	JPSHS	4453
AUSYD	JPUKB	4384
AUSYD	JPYOK	4330
AUSYD	MXLZC	6584
AUSYD	NCNOU	1069
AUSYD	NZAKL	1280
AUSYD	NZKRI	1600
AUSYD	NZNPL	1124
AUSYD	NZNSN	1166
AUSYD	NZWAG	1189
AUSYD	NZWLG	1234
AUSYD	PABLB	7674
AUSYD	PHGES	3327
AUSYD	USDUT	5761
AUSYD	USHNL	4420
AUSYD	USLAX	6511
AUSYD	USSEA	6810
AUSYD	USSFO	6448
AUYAM	AUFRE	1048
AUYAM	JCT_TORRES_STRAIT_AUSTRALIA	1283
AWORJ	JCT_YUCATAN_CHANNEL	1024
AWORJ	VELAG	207
AWSNL	LCCAS	532
AWSNL	PAONX	633
AWSNL	TTPTS	515
AWSNL	VELAG	207
BBBGI	BRBEL	1154
BBBGI	BRIGI	3157
BBBGI	BRREC	2054
BBBGI	CDBOA	4478
BBBGI	GDSTG	144
BBBGI	LCCAS	110
BBBGI	MQFDF	130
BBBGI	SRPBM	496
BBBGI	UYMVD	4096
BDCGP	BRVIX	8430
BDCGP	EGSUZ	4627
BDCGP	INCCU	367
BDCGP	INCOK	1578
BDCGP	INMAA	891
BDCGP	INMRM	1940
BDCGP	INNSA	2160
BDCGP	LKCMB	1302
BDCGP	MYMKZ	1391
BDCGP	MYPEN	1167
BDCGP	MYPKG	1311
BDCGP	ZACGH	5492
BEANR	BEZEE	64
BEANR	DEBRV	333
BEANR	DEHAM	386
BEANR	DKSKA	528
BEANR	FRCQE	441
BEANR	FRDKK	102
BEANR	FRLEH	244
BEANR	GBABD	465
BEANR	GBBIK	449
BEANR	GBFXT	141
BEANR	GBLON	193
BEANR	GBPLY	366
BEANR	GBSOU	260
BEANR	NLRTM	121
BEANR	NOBGO	602
BEANR	NOKRS	488
BEANR	NOSVG	525
BEZEE	BEANR	64
BEZEE	DEBRV	287
BEZEE	DEHAM	342
BEZEE	DKSKA	479
BEZEE	FRCQE	380
BEZEE	FRLEH	186
BEZEE	FRURO	249
BEZEE	GBBIK	393
BEZEE	GBLON	131
BEZEE	GBLOW	94
BEZEE	GBPLY	303
BEZEE	GBSOU	197
BEZEE	NLAMS	104
BEZEE	NLRTM	73
BEZEE	NOAES	673
BEZEE	NOBGO	558
BEZEE	NOSVG	481
BGVAR	DZSKI	1332
BGVAR	GEPTI	589
BGVAR	GRPIR	507
BGVAR	ILHFA	987
BGVAR	MATNG	1973
BGVAR	SYLTK	950
BGVAR	TNTUN	1160
BGVAR	TRMER	928
BGVAR	TRPAM	152
BGVAR	UAODS	255
BJCOO	ARBUE	4137
BJCOO	BRPNG	3425
BJCOO	BRSSZ	3271
BJCOO	BRVIX	2871
BJCOO	CDMAT	1006
BJCOO	CGPNR	855
BJCOO	CMDLA	486
BJCOO	GALBV	547
BJCOO	GAPOG	564
BJCOO	GHTKD	257
BJCOO	NGAPP	64
BJCOO	TGLFW	71
BJCOO	ZACGH	2560
BMBDA	CAMTR	1621
BMBDA	COBAQ	1465
BMBDA	USWSJ	856
BRAJU	BRSSA	161
BRAJU	SNDKR	1944
BRBEL	BBBGI	1154
BRBEL	BRIGI	2174
BRBEL	BRMAO	920
BRBEL	BRNAT	954
BRBEL	BRREC	1084
BRBEL	CAMTR	3680
BRBEL	ESSCT	2599
BRBEL	ESVGO	3398
BRBEL	GBPDS	4219
BRBEL	SNDKR	2104
BRBEL	ZACGH	4368
BRCDO	BRSSA	468
BRCDO	CLPUQ	3327
BRCDO	PAONX	3149
BRIGI	BBBGI	3157
BRIGI	BRBEL	2174
BRIGI	BRNAT	1228
BRIGI	BRRIG	750
BRIGI	BRTRM	565
BRIGI	CAMTR	5342
BRIGI	ESSCT	3518
BRIGI	ESVGO	4418
BRIGI	GBPDS	5391
BRIGI	GNCKY	2627
BRIGI	GYGEO	2853
BRIGI	JCT_STRAITS_OF_FLORIDA	4612
BRIGI	PTFNC	3722
BRIGI	SLFNA	2613
BRIGI	SNDKR	2763
BRIGI	USILM	4704
BRIGI	USPXX	4817
BRIGI	USWSJ	3613
BRIGI	USXMX	4726
BRIGI	USZ2A	4844
BRIGI	USZB4	4717
BRIGI	VICHA	3542
BRITJ	BRRIG	483
BRITJ	CLPUQ	1984
BRITJ	FRCQE	5177
BRITJ	GBBIK	5210
BRITJ	GIGIB	4559
BRITJ	IEIIT	5514
BRITJ	JCT_GRAND_BANKS_SOUTH	4613
BRITJ	JCT_STRAITS_OF_FLORIDA	5066
BRITJ	JCT_YUCATAN_CHANNEL	5073
BRITJ	LRMLW	3096
BRITJ	USNYC	5205
BRITJ	USZB4	5103
BRITJ	ZACGH	3445
BRMAO	AOLAD	4630
BRMAO	BRBEL	920
BRMAO	CDMAT	4632
BRMAO	CGPNR	4520
BRMAO	CIABJ	3566
BRMAO	CLSAI	5669
BRMAO	CMDLA	4394
BRMAO	COBAQ	2665
BRMAO	ESLPA	3385
BRMAO	FRBES	4486
BRMAO	FRURO	4772
BRMAO	GALBV	4360
BRMAO	GAPOG	4327
BRMAO	GHTKD	3693
BRMAO	GNCKY	2982
BRMAO	LRMLW	3158
BRMAO	MAAGA	3689
BRMAO	NOAES	5245
BRMAO	SLFNA	3034
BRMAO	USMIO	3106
BRMAO	USPXX	3523
BRMAO	USXMX	3455
BRMAO	USZ2A	3613
BRMAO	USZB4	3429
BRMAO	VELAG	2164
BRMAO	VEPBL	2227
BRNAT	ARBUE	2329
BRNAT	BRBEL	954
BRNAT	BRIGI	1228
BRNAT	CLPUQ	3400
BRNAT	GWOXB	1604
BRNAT	SRPBM	1476
BRNAT	ZASDB	3374
BRPNG	AOLAD	3768
BRPNG	ARBUE	895
BRPNG	ARPUD	1566
BRPNG	BJCOO	3425
BRPNG	BRSSZ	172
BRPNG	BRVIX	620
BRPNG	CDMAT	3706
BRPNG	CLPUQ	2001
BRPNG	CMDLA	3730
BRPNG	ESLPA	3790
BRPNG	GALBV	3593
BRPNG	GNCKY	2920
BRPNG	GUGUM	9786
BRPNG	LRMLW	2825
BRPNG	SLFNA	2882
BRPNG	SNDKR	2980
BRPNG	UYMVD	797
BRPNG	ZACGH	3496
BRREC	ARBUE	2181
BRREC	BBBGI	2054
BRREC	BRBEL	1084
BRREC	BRSSA	399
BRREC	CLPUQ	3252
BRREC	ESLPA	2453
BRREC	ESVGO	3346
BRREC	GBBIK	3775
BRREC	GBPDS	4319
BRREC	GIGIB	3116
BRREC	JCT_STRAITS_OF_FLORIDA	3540
BRREC	PTLIS	3156
BRREC	UYMVD	2067
BRREC	VICHA	2471
BRREC	ZACGH	3324
BRREC	ZACPT	3318
BRRIG	BRIGI	750
BRRIG	BRITJ	483
BRRIG	BRSSZ	602
BRRIG	CGPNR	3938
BRRIG	UYMVD	313
BRSSA	BRAJU	161
BRSSA	BRCDO	468
BRSSA	BRREC	399
BRSSA	BRVIX	477
BRSSA	CAMTR	4656
BRSSA	FRCQE	4134
BRSSA	GYGEO	2172
BRSSA	JCT_STRAITS_OF_FLORIDA	3931
BRSSA	USILM	4023
BRSSA	USXMX	4072
BRSSA	USZB4	4040
BRSSZ	ARBHI	1292
BRSSZ	ARPUD	1691
BRSSZ	BJCOO	3271
BRSSZ	BRPNG	172
BRSSZ	BRRIG	602
BRSSZ	BRTRM	421
BRSSZ	BRVIX	455
BRSSZ	CAMTR	5544
BRSSZ	CGPNR	3444
BRSSZ	CIABJ	2965
BRSSZ	CMDLA	3682
BRSSZ	ESLPA	3625
BRSSZ	GALBV	3464
BRSSZ	GAPOG	3427
BRSSZ	GUGUM	9923
BRSSZ	JCT_STRAITS_OF_FLORIDA	4799
BRSSZ	LRMLW	2731
BRSSZ	SLFNA	2792
BRSSZ	SNDKR	2942
BRSSZ	USPXX	5004
BRSSZ	USXMX	4940
BRSSZ	USZ2A	5031
BRSSZ	USZB4	4908
BRSSZ	VEPBL	3578
BRSSZ	ZACPT	3409
BRTRM	BRIGI	565
BRTRM	BRSSZ	421
BRTRM	CLPUQ	1676
BRTRM	GHTKD	3483
BRTRM	UYMVD	450
BRVIX	AOLAD	3229
BRVIX	ARBUE	1356
BRVIX	ARPUD	2033
BRVIX	ARUSH	2427
BRVIX	AUFRE	7676
BRVIX	BDCGP	8430
BRVIX	BJCOO	2871
BRVIX	BRPNG	620
BRVIX	BRSSA	477
BRVIX	BRSSZ	455
BRVIX	CDMAT	3138
BRVIX	CGPNR	3171
BRVIX	CIABJ	2638
BRVIX	CMDLA	3290
BRVIX	FJSUV	7771
BRVIX	GALBV	3144
BRVIX	GAPOG	3115
BRVIX	GHTKD	2629
BRVIX	GNCKY	2349
BRVIX	GUGUM	10205
BRVIX	IDJKT	8056
BRVIX	INMAA	7691
BRVIX	LKCMB	7250
BRVIX	LRMLW	2366
BRVIX	NZLYT	7263
BRVIX	PFPPT	6609
BRVIX	TGLFW	2819
BRVIX	TZDAR	5380
BRVIX	USPXX	4554
BRVIX	USZ2A	4581
BRVIX	ZACPT	3142
BRVIX	ZADUR	3850
BRVIX	ZAPLZ	3554
BSFPO	COBAQ	1110
BSFPO	CUHAV	286
BSFPO	DZAAE	4311
BSFPO	DZALG	4106
BSFPO	DZBJA	4203
BSFPO	DZSKI	4288
BSFPO	ESBCN	4204
BSFPO	ESLPA	3298
BSFPO	ESVGO	3566
BSFPO	FRBES	3827
BSFPO	FRLEH	3825
BSFPO	GBSOU	3821
BSFPO	GNCKY	3797
BSFPO	IEDUB	3532
BSFPO	ILHFA	5647
BSFPO	JCT_STRAITS_OF_FLORIDA	278
BSFPO	JCT_YUCATAN_CHANNEL	456
BSFPO	MACAS	3633
BSFPO	MATNG	3692
BSFPO	PTLIS	3526
BSFPO	SNDKR	3467
BSFPO	SYLTK	5628
BSFPO	TRMER	5610
BSFPO	USMIO	91
BSFPO	USPXX	890
BSFPO	USWSJ	872
BSFPO	USXMX	382
BSFPO	USZ2A	841
BSFPO	USZB4	415
BSFPO	VELAG	1254
BSFPO	VEPBL	1272
BSNAS	USILM	561
BSNAS	USMIO	191
BSNAS	USPXX	930
BSNAS	USXMX	503
BSNAS	USZ2A	880
BSNAS	USZB4	507
BZBZE	ANWIL	1178
BZBZE	CAMTR	2985
BZBZE	CUCFG	545
BZBZE	DOSDQ	1088
BZBZE	ESCAD	4485
BZBZE	HTCAP	950
BZBZE	JCT_YUCATAN_CHANNEL	337
BZBZE	JMKIN	685
BZBZE	LCCAS	1609
BZBZE	PAONX	816
BZBZE	USGLS	935
BZBZE	USMOB	846
BZBZE	USMSY	850
BZBZE	USZ2A	1625
BZBZE	VELAG	1328
BZBZE	VEPBL	1289
CAHAL	CAMTR	958
CAHAL	CAYYT	531
CAHAL	CRMOB	2368
CAHAL	CUGUB	1634
CAHAL	ESSCT	2480
CAHAL	ESVGO	2454
CAHAL	PTLIS	2500
CAHAL	PTPDL	1785
CAHAL	USILM	1016
CAHAL	USMIO	1413
CAHAL	USXMX	1150
CAHAL	USZB4	1077
CAMTR	ARBUE	6455
CAMTR	BMBDA	1621
CAMTR	BRBEL	3680
CAMTR	BRIGI	5342
CAMTR	BRSSA	4656
CAMTR	BRSSZ	5544
CAMTR	BZBZE	2985
CAMTR	CAHAL	958
CAMTR	CANWP	943
CAMTR	CASEI	409
CAMTR	CLPUQ	7527
CAMTR	CUHAV	2473
CAMTR	ESSCT	3011
CAMTR	ESVGO	2873
CAMTR	FOKVI	2481
CAMTR	GBBIK	2681
CAMTR	JCT_STRAITS_OF_FLORIDA	2531
CAMTR	LCCAS	2642
CAMTR	PAONX	3204
CAMTR	PTHOR	2145
CAMTR	PTLIS	3032
CAMTR	PTPDL	2283
CAMTR	SLFNA	4019
CAMTR	USPWM	1206
CAMTR	USZ2A	1769
CAMTR	USZB4	1940
CAMTR	UYMVD	6344
CAMTR	VICHA	2405
CAMTR	ZACGH	7134
CAMTR	ZACPT	7118
CANWP	CAMTR	943
CANWP	GIGIB	2302
CAPRR	CAVAN	477
CAPRR	GUGUM	4586
CASEI	CAMTR	409
CASEI	FRCQE	2338
CASEI	GBPDS	2230
CASEI	IEIIT	2135
CASEI	JCT_GRAND_BANKS_SOUTH	818
CAVAN	ASPPG	4637
CAVAN	CAPRR	477
CAVAN	CLPUQ	6978
CAVAN	JPUKB	4541
CAVAN	JPYOK	4262
CAVAN	NZAKL	6191
CAVAN	PABLB	4032
CAVAN	SGSIN	7078
CAVAN	USDUT	1724
CAVAN	USHNL	2423
CAVAN	USNTD	1102
CAVAN	USSEA	126
CAVAN	USSFO	812
CAVIC	USLAX	1091
CAVIC	USSEA	70
CAVIC	USSFO	745
CAYYT	CAHAL	531
CAYYT	GBBIK	1804
CAYYT	GBPDS	1855
CAYYT	IEIIT	1720
CAYYT	JCT_STRAITS_OF_FLORIDA	2094
CAYYT	USPXX	1254
CAYYT	USZ2A	1400
CCPRG	JCT_SELAT_SUNDA_INDONESIA	647
CCPRG	ZACGH	4428
CDBOA	AOLAD	190
CDBOA	BBBGI	4478
CDBOA	CGPNR	140
CDBOA	CIABJ	1187
CDBOA	CLPUQ	4998
CDBOA	CMDLA	742
CDBOA	GAPOG	470
CDBOA	GHTKD	1064
CDBOA	JCT_STRAITS_OF_FLORIDA	5864
CDBOA	LRMLW	1576
CDBOA	NGAPP	933
CDBOA	SHTDC	1232
CDBOA	ZACGH	1775
CDBOA	ZACPT	1760
CDMAT	AOLAD	269
CDMAT	ARBUE	4224
CDMAT	ARPUD	4716
CDMAT	BJCOO	1006
CDMAT	BRMAO	4632
CDMAT	BRPNG	3706
CDMAT	BRVIX	3138
CDMAT	CGPNR	164
CDMAT	CIABJ	1231
CDMAT	CLIQQ	6978
CDMAT	CLSAI	6381
CDMAT	ESLPA	3129
CDMAT	GALBV	571
CDMAT	GAPOG	502
CDMAT	GHTKD	1105
CDMAT	GNCKY	1915
CDMAT	LRMLW	1621
CDMAT	NGAPP	1002
CDMAT	SLFNA	1844
CDMAT	TGLFW	1066
CDMAT	ZACPT	1827
CGPNR	AOLAD	266
CGPNR	AOLOB	473
CGPNR	AOSZA	97
CGPNR	ARPUD	4697
CGPNR	BJCOO	855
CGPNR	BRMAO	4520
CGPNR	BRRIG	3938
CGPNR	BRSSZ	3444
CGPNR	BRVIX	3171
CGPNR	CDBOA	140
CGPNR	CDMAT	164
CGPNR	CIABJ	1088
CGPNR	CMDLA	613
CGPNR	GALBV	426
CGPNR	GAPOG	359
CGPNR	GHTKD	1001
CGPNR	GNCKY	1793
CGPNR	LRMLW	1525
CGPNR	NGAPP	838
CGPNR	TGLFW	910
CIABJ	AOLAD	1345
CIABJ	ARBUE	3771
CIABJ	ARPUD	4547
CIABJ	BRMAO	3566
CIABJ	BRSSZ	2965
CIABJ	BRVIX	2638
CIABJ	CDBOA	1187
CIABJ	CDMAT	1231
CIABJ	CGPNR	1088
CIABJ	CISPY	157
CIABJ	CLPUQ	4910
CIABJ	GAPOG	850
CIABJ	GHTKD	157
CIABJ	GNKMR	803
CIABJ	JCT_STRAITS_OF_FLORIDA	4756
CIABJ	TGLFW	349
CIABJ	ZACGH	2712
CIABJ	ZACPT	2679
CIPBT	GHACC	230
CIPBT	GNCKY	760
CISPY	CIABJ	157
CISPY	GHACC	398
CISPY	LRMLW	312
CISPY	MATNG	2304
CISPY	SLFNA	532
CISPY	SNDKR	994
CISPY	TTPTS	3302
CISPY	ZACGH	2735
CISPY	ZACPT	2718
CKAVA	FJSUV	1256
CKAVA	NCNOU	1887
CKAVA	PABLB	5092
CKAVA	PECLL	4733
CLANF	CLARI	325
CLANF	CLIQQ	224
CLANF	CLSAI	600
CLARI	ARUSH	2291
CLARI	CLANF	325
CLARI	CLIQQ	110
CLARI	CLPUQ	2301
CLARI	CLVAP	882
CLARI	ECESM	1484
CLARI	ECGYQ	1251
CLARI	FJSUV	6208
CLARI	MXACA	2768
CLARI	NICIO	2181
CLARI	PABLB	1921
CLARI	PEILQ	85
CLARI	PESNX	350
CLARI	PETYL	1103
CLARI	PFPPT	4495
CLARI	USLAX	4219
CLARI	USSD2	4149
CLARI	USSFO	4551
CLIQQ	CDMAT	6978
CLIQQ	CLANF	224
CLIQQ	CLARI	110
CLIQQ	CLPUQ	2201
CLIQQ	CLVAP	782
CLIQQ	ECESM	1550
CLIQQ	ECGYQ	1317
CLIQQ	GUGUM	8700
CLIQQ	JPYOK	9026
CLIQQ	MXACA	2834
CLIQQ	NICIO	2247
CLIQQ	PABLB	1987
CLIQQ	PECLL	659
CLIQQ	USSD2	4218
CLIQQ	USSFO	4620
CLPUQ	AOSZA	4985
CLPUQ	ARBHI	1004
CLPUQ	ARMDQ	1112
CLPUQ	ARPMY	760
CLPUQ	ARPUD	440
CLPUQ	BRCDO	3327
CLPUQ	BRITJ	1984
CLPUQ	BRNAT	3400
CLPUQ	BRPNG	2001
CLPUQ	BRREC	3252
CLPUQ	BRTRM	1676
CLPUQ	CAMTR	7527
CLPUQ	CAVAN	6978
CLPUQ	CDBOA	4998
CLPUQ	CIABJ	4910
CLPUQ	CLARI	2301
CLPUQ	CLIQQ	2201
CLPUQ	CLSAI	1410
CLPUQ	CNXMN	9665
CLPUQ	ESSCI	6769
CLPUQ	ESSCT	5690
CLPUQ	FJSUV	5444
CLPUQ	FMPNI	7260
CLPUQ	GACLZ	5102
CLPUQ	GBBIK	7019
CLPUQ	GBPDS	7563
CLPUQ	GUGUM	8144
CLPUQ	GYGEO	5030
CLPUQ	JPSHS	9545
CLPUQ	JPSMZ	9286
CLPUQ	JPWAK	9391
CLPUQ	MAEUN	5684
CLPUQ	MHJLT	6815
CLPUQ	MXLZC	4681
CLPUQ	MXMRE	5505
CLPUQ	NCNOU	5745
CLPUQ	NZNPL	4690
CLPUQ	NZTRG	4613
CLPUQ	NZWAG	4610
CLPUQ	NZWLG	4634
CLPUQ	NZWRE	4713
CLPUQ	PESJA	2280
CLPUQ	PFPPT	4233
CLPUQ	PGRAB	7036
CLPUQ	PTFNC	5894
CLPUQ	PTLIS	6398
CLPUQ	SLFNA	4731
CLPUQ	SNDKR	4928
CLPUQ	SVAQJ	4309
CLPUQ	USDUT	8063
CLPUQ	USHNL	6370
CLPUQ	USILM	6881
CLPUQ	USLAX	5871
CLPUQ	USPXX	6994
CLPUQ	USSEA	6964
CLPUQ	USSFO	6188
CLPUQ	USXMX	6898
CLPUQ	USZ2A	7021
CLPUQ	USZB4	6898
CLPUQ	UYMVD	1300
CLPUQ	VICHA	5714
CLSAI	ARUSH	1459
CLSAI	AUBNE	6289
CLSAI	BRMAO	5669
CLSAI	CDMAT	6381
CLSAI	CLANF	600
CLSAI	CLPUQ	1410
CLSAI	FJSUV	5724
CLSAI	GUGUM	8428
CLSAI	NCNOU	6094
CLSAI	NZAKL	5273
CLSAI	NZLYT	5146
CLSAI	PABLB	2644
CLSAI	PECLL	1328
CLSAI	PFPPT	4242
CLSAI	ZAPLZ	5410
CLVAP	AUPWI	6031
CLVAP	CLARI	882
CLVAP	CLIQQ	782
CLVAP	NCNOU	6115
CLVAP	NZAKL	5247
CLVAP	NZWLG	5036
CMDLA	ARPUD	5009
CMDLA	BJCOO	486
CMDLA	BRMAO	4394
CMDLA	BRPNG	3730
CMDLA	BRSSZ	3682
CMDLA	BRVIX	3290
CMDLA	CDBOA	742
CMDLA	CGPNR	613
CMDLA	GALBV	228
CMDLA	GAPOG	297
CMDLA	JCT_STRAITS_OF_FLORIDA	5526
CMDLA	NGAPP	449
CMDLA	NGLOS	442
CMDLA	TGLFW	522
CNDLC	CNLYG	348
CNDLC	CNSHA	560
CNDLC	CNTAO	356
CNDLC	CNXMN	1008
CNDLC	GUGUM	1974
CNDLC	IDSUB	2980
CNDLC	JPHKD	1226
CNDLC	JPKWS	1153
CNDLC	JPNGO	1047
CNDLC	JPNGS	577
CNDLC	JPOSA	859
CNDLC	JPSHS	616
CNDLC	JPTYO	1161
CNDLC	KRPUS	543
CNDLC	PHBIY	2090
CNDLC	PHCEB	1764
CNDLC	PHMNL	1561
CNDLC	SGSIN	2612
CNDLC	TWKEL	851
CNDLC	TWKHH	1029
CNDLC	USDUT	3435
CNDLC	USSEA	5131
CNFOC	AUBNE	3916
CNFOC	CNLYG	781
CNFOC	CNSHA	440
CNFOC	CNTAO	715
CNFOC	GUGUM	1617
CNFOC	HKHKG	459
CNFOC	JPHTD	762
CNFOC	JPNGO	1089
CNFOC	JPSMZ	1217
CNFOC	JPUKB	1003
CNFOC	JPYOK	1202
CNFOC	KRPUS	762
CNFOC	NZLYT	5170
CNFOC	PHCEB	1051
CNFOC	PHMNL	787
CNFOC	SGSIN	1817
CNFOC	VNHPH	975
CNLYG	CNDLC	348
CNLYG	CNFOC	781
CNLYG	CNSHA	414
CNLYG	GUGUM	1817
CNLYG	HKHKG	1175
CNLYG	JPHTD	535
CNLYG	JPNGS	558
CNLYG	JPOSA	815
CNLYG	PHGES	1948
CNLYG	PHMNL	1455
CNLYG	VNHPH	1575
CNMAW	CNTAO	715
CNMAW	CNXMN	200
CNSHA	AUBNE	4243
CNSHA	AUSYD	4642
CNSHA	CNDLC	560
CNSHA	CNFOC	440
CNSHA	CNLYG	414
CNSHA	CNTAO	401
CNSHA	CNXMN	603
CNSHA	ECGYQ	8872
CNSHA	FJSUV	4467
CNSHA	FMPNI	2545
CNSHA	GUGUM	1687
CNSHA	HKHKG	824
CNSHA	IDJKT	2522
CNSHA	IDLOM	2577
CNSHA	JCT_SELAT_SUNDA_INDONESIA	2535
CNSHA	JPHKD	1166
CNSHA	JPNGO	933
CNSHA	JPNGS	463
CNSHA	JPSHS	548
CNSHA	JPUKB	789
CNSHA	JPYOK	1040
CNSHA	KRPUS	491
CNSHA	NCNOU	4185
CNSHA	NZAKL	5149
CNSHA	PFPPT	5907
CNSHA	PHCEB	1322
CNSHA	SGSIN	2207
CNSHA	TWKEL	421
CNSHA	TWKHH	600
CNSHA	USDUT	3375
CNSHA	USSD2	5793
CNSHA	USSFO	5398
CNSHA	VNSGN	1679
CNSZX	HKHKG	5
CNTAO	AUSYD	4871
CNTAO	CNDLC	356
CNTAO	CNFOC	715
CNTAO	CNMAW	715
CNTAO	CNSHA	401
CNTAO	ECGYQ	8880
CNTAO	FJSUV	4662
CNTAO	GUGUM	1900
CNTAO	HKHKG	1120
CNTAO	JPMOJ	565
CNTAO	JPSHS	567
CNTAO	JPUKB	805
CNTAO	KIWKI	2614
CNTAO	KRMOK	336
CNTAO	KRPUS	497
CNTAO	NCNOU	4416
CNTAO	NZAKL	5378
CNTAO	PABLB	8575
CNTAO	PGRAB	3043
CNTAO	PHMNL	1422
CNTAO	SGSIN	2466
CNTAO	TWKEL	697
CNTAO	USDUT	3385
CNTAO	USSFO	5403
CNTAO	VNSGN	1969
CNXMN	CLPUQ	9665
CNXMN	CNDLC	1008
CNXMN	CNMAW	200
CNXMN	CNSHA	603
CNXMN	FJSUV	4389
CNXMN	GUGUM	1669
CNXMN	HKHKG	290
CNXMN	IDJKT	1971
CNXMN	IDSUB	2121
CNXMN	JCT_TORRES_STRAIT_AUSTRALIA	2655
CNXMN	JPNGS	810
CNXMN	JPSHS	920
CNXMN	JPUKB	1117
CNXMN	JPYOK	1335
CNXMN	KRPUS	885
CNXMN	NCNOU	4031
CNXMN	NZAKL	4990
CNXMN	PABLB	8943
CNXMN	PFPPT	6001
CNXMN	PHMNL	662
CNXMN	SGSIN	1649
CNXMN	TWTXG	227
CNXMN	USDUT	3771
CNXMN	USHNL	4592
CNXMN	USSEA	5463
CNXMN	USSFO	5797
CNZHA	HKHKG	408
CNZHA	VNHPH	156
COBAQ	ANWIL	389
COBAQ	BMBDA	1465
COBAQ	BRMAO	2665
COBAQ	BSFPO	1110
COBAQ	CUGUB	534
COBAQ	CUSCU	549
COBAQ	DOSDQ	538
COBAQ	HNPCR	873
COBAQ	JCT_YUCATAN_CHANNEL	881
COBAQ	JMKIN	442
COBAQ	PAONX	336
COBAQ	USGLS	1577
COBAQ	USMSY	1458
COBAQ	USWSJ	705
COBAQ	USZB4	1391
COBAQ	VECUP	734
COBAQ	VELAG	531
COBUN	ECGYQ	571
COBUN	MXLZC	1669
COBUN	NICIO	784
COBUN	PABLB	352
COBUN	PECLL	1126
COBUN	PFPPT	4412
COCTG	ANWIL	471
COCTG	ARBUE	5154
COCTG	CRMOB	447
COCTG	VELAG	612
COCTG	VICHA	811
CRMOB	CAHAL	2368
CRMOB	COCTG	447
CRMOB	GYGEO	1647
CRMOB	HNPCR	623
CRMOB	JCT_YUCATAN_CHANNEL	732
CRMOB	JMKIN	605
CRMOB	LCCAS	1316
CRMOB	PAONX	234
CRMOB	TTPTS	1313
CRMOB	USGLS	1394
CRMOB	USPXX	2019
CRMOB	USWSJ	1119
CRMOB	USZ2A	1974
CUCAI	CUHAV	203
CUCAI	SLFNA	3916
CUCFG	BZBZE	545
CUCFG	CUMZO	266
CUGUB	ARBUE	5213
CUGUB	CAHAL	1634
CUGUB	COBAQ	534
CUGUB	CUMZO	206
CUGUB	CVGRA	2853
CUGUB	ESSCT	3265
CUGUB	FRBES	3784
CUGUB	GBBIK	3714
CUGUB	GBPDS	3869
CUGUB	GIGIB	3737
CUGUB	GNCKY	3615
CUGUB	HNPCR	770
CUGUB	IEFTR	3626
CUGUB	JMKIN	180
CUGUB	LRMLW	3828
CUGUB	PAONX	689
CUGUB	PTFNC	3194
CUGUB	PTHOR	2666
CUGUB	PTLIS	3570
CUGUB	SLFNA	3650
CUGUB	SNDKR	3312
CUGUB	USMIO	582
CUGUB	USPXX	1284
CUGUB	USWSJ	537
CUGUB	USZB4	900
CUGUB	VICHA	607
CUGUB	ZACPT	6260
CUHAV	ARBUE	5671
CUHAV	BSFPO	286
CUHAV	CAMTR	2473
CUHAV	CUCAI	203
CUHAV	JCT_GRAND_BANKS_SOUTH	1991
CUHAV	JCT_STRAITS_OF_FLORIDA	87
CUHAV	JCT_YUCATAN_CHANNEL	186
CUHAV	LCCAS	1370
CUHAV	MXPGO	430
CUHAV	PRPSE	981
CUHAV	USFLL	236
CUHAV	USILM	767
CUHAV	USMIO	222
CUHAV	USMOB	553
CUHAV	USPXX	1162
CUHAV	USWSJ	979
CUHAV	USXMX	606
CUHAV	USZB4	648
CUHAV	VELAG	1292
CUHAV	VEPBL	1260
CUHAV	VICHA	1048
CUHAV	ZACPT	6724
CUMZO	ANWIL	746
CUMZO	CUCFG	266
CUMZO	CUGUB	206
CUMZO	CUSCU	168
CUMZO	JCT_YUCATAN_CHANNEL	482
CUMZO	JMKIN	283
CUMZO	PAONX	689
CUMZO	USWSJ	738
CUMZO	USZB4	1105
CUSCU	COBAQ	549
CUSCU	CUMZO	168
CUSCU	MQFDF	951
CUSCU	USILM	1003
CUSCU	USXMX	951
CUSCU	USZ2A	1289
CVGRA	AOLAD	2778
CVGRA	CUGUB	2853
CVGRA	ESSCT	849
CVGRA	ESVGO	1737
CVGRA	GIGIB	1539
CVGRA	GNCKY	792
CVGRA	GNKMR	713
CVGRA	GWOXB	631
CVGRA	JCT_STRAITS_OF_FLORIDA	3308
CVGRA	LRMLW	1069
CVGRA	MACAS	1387
CVGRA	MATNG	1536
CVGRA	NGAPP	1981
CVGRA	PTFNC	1043
CVGRA	PTHOR	1316
CVGRA	PTLIS	1555
CVGRA	SLFNA	871
CVGRA	USILM	3057
CVGRA	USPXX	3011
CVGRA	USXMX	3169
CVGRA	USZ2A	3095
CYLCA	GRSKG	703
CYLCA	LBBEY	112
CYLCA	SYLTK	114
CYLCA	TNSFA	1163
CYLCA	TRIZM	570
CYLCA	TRMER	149
CYLMS	EGALY	272
CYLMS	EGDMT	208
CYLMS	GEPTI	1258
CYLMS	GIGIB	1914
CYLMS	GRNAI	405
CYLMS	GRPIR	554
CYLMS	ILHFA	142
CYLMS	SYLTK	146
CYLMS	TRIZM	566
CYLMS	TRMER	175
CYLMS	TRPAM	718
CYLMS	UAODS	1078
DEBRV	BEANR	333
DEBRV	BEZEE	287
DEBRV	DEHAM	109
DEBRV	DKSKA	320
DEBRV	FRCQE	647
DEBRV	FRDKK	321
DEBRV	FRLEH	453
DEBRV	GBABD	425
DEBRV	GBBIK	657
DEBRV	GBDVR	341
DEBRV	GBLON	375
DEBRV	GBPDS	507
DEBRV	GBSOU	464
DEBRV	NLAMS	223
DEBRV	NLRTM	256
DEBRV	NOAES	545
DEBRV	NOBGO	447
DEBRV	NOKRS	292
DEBRV	NOSVG	366
DEHAM	BEANR	386
DEHAM	BEZEE	342
DEHAM	DEBRV	109
DEHAM	DEWVN	111
DEHAM	DKSKA	360
DEHAM	FRCQE	703
DEHAM	FRDKK	374
DEHAM	FRLEH	511
DEHAM	GBABD	473
DEHAM	GBBIK	717
DEHAM	GBLON	425
DEHAM	GBPDS	555
DEHAM	GBPLY	628
DEHAM	GBSOU	522
DEHAM	NLRTM	307
DEHAM	NOAES	537
DEHAM	NOBGO	486
DEHAM	NOKRS	333
DEHAM	NOSVG	403
DESAS	DKCPH	95
DESAS	DKSKA	239
DESAS	PLGDY	203
DEWVN	DEHAM	111
DEWVN	GBFXT	300
DJJIB	EGSUZ	1262
DJJIB	INCOK	1891
DJJIB	SAJED	647
DJJIB	YEADE	148
DJJIB	ZACGH	4089
DKAAR	DKCPH	108
DKAAR	DKSKA	127
DKAAR	RUKGD	456
DKAAR	SEGOT	139
DKCPH	DESAS	95
DKCPH	DKAAR	108
DKCPH	SEKAA	148
DKGRE	PLGDY	361
DKGRE	SEGOT	102
DKSKA	BEANR	528
DKSKA	BEZEE	479
DKSKA	DEBRV	320
DKSKA	DEHAM	360
DKSKA	DESAS	239
DKSKA	DKAAR	127
DKSKA	FIKTK	755
DKSKA	FITKU	642
DKSKA	FRCQE	833
DKSKA	FRDKK	511
DKSKA	FRLEH	639
DKSKA	GBABD	416
DKSKA	GBFXT	478
DKSKA	GBLON	554
DKSKA	GBPDS	450
DKSKA	GBPLY	756
DKSKA	GBSOU	650
DKSKA	NLRTM	447
DKSKA	NOAES	450
DKSKA	NOBGO	305
DKSKA	NOKRS	92
DKSKA	NOSVG	221
DKSKA	SEGOT	42
DKSKA	SEKAA	295
DOSDQ	BZBZE	1088
DOSDQ	COBAQ	538
DOSDQ	PAONX	802
DOSDQ	USILM	1210
DOSDQ	USWSJ	232
DOSDQ	VEPBL	492
DOSDQ	VICHA	300
DZAAE	BSFPO	4311
DZAAE	DZALG	246
DZAAE	DZBJA	148
DZAAE	DZORN	444
DZAAE	DZSKI	63
DZAAE	EGALY	1169
DZAAE	EGDMT	1289
DZAAE	ESAGP	607
DZAAE	ESBCN	386
DZAAE	ESCEU	656
DZAAE	ESTAR	392
DZAAE	ESVLC	426
DZAAE	FRFOS	419
DZAAE	GIGIB	675
DZAAE	GRNAI	863
DZAAE	GRSKG	1063
DZAAE	ILHFA	1378
DZAAE	ITGOA	458
DZAAE	ITMSN	401
DZAAE	ITPMO	292
DZAAE	ITTRS	1034
DZAAE	LBBEY	1381
DZAAE	TNBIZ	116
DZAAE	TNTUN	167
DZAAE	TRIZM	1014
DZAAE	TRPAM	1168
DZAAE	UAODS	1516
DZALG	BSFPO	4106
DZALG	DZAAE	246
DZALG	DZBJA	112
DZALG	DZORN	205
DZALG	DZSKI	200
DZALG	EGALY	1393
DZALG	EGDMT	1514
DZALG	ESAGP	368
DZALG	ESBCN	282
DZALG	ESCEU	417
DZALG	ESTAR	276
DZALG	ESVLC	230
DZALG	GIGIB	437
DZALG	GRKLL	1071
DZALG	GRNAI	1087
DZALG	GRSKG	1270
DZALG	ILHFA	1602
DZALG	ITCAG	332
DZALG	ITGOA	531
DZALG	ITMSN	621
DZALG	ITPMO	513
DZALG	ITTRS	1254
DZALG	TNBIZ	340
DZALG	TNTUN	392
DZALG	TRIZM	1221
DZALG	UAODS	1724
DZBJA	BSFPO	4203
DZBJA	DZAAE	148
DZBJA	DZALG	112
DZBJA	DZORN	304
DZBJA	DZSKI	99
DZBJA	EGDMT	1423
DZBJA	ESBCN	307
DZBJA	ESPMI	212
DZBJA	GIGIB	545
DZBJA	ITGOA	493
DZBJA	TRMER	1441
DZORN	DZAAE	444
DZORN	DZALG	205
DZORN	DZBJA	304
DZORN	DZSKI	398
DZORN	EGALY	1590
DZORN	EGDMT	1711
DZORN	ESAGP	195
DZORN	ESALC	159
DZORN	ESALG	229
DZORN	ESBCN	365
DZORN	ESCEU	232
DZORN	ESTAR	336
DZORN	ESVLC	238
DZORN	GIGIB	252
DZORN	GRNAI	1284
DZORN	ILHFA	1800
DZORN	ITGOA	686
DZORN	ITMSN	818
DZORN	ITPMO	709
DZORN	ITTRS	1450
DZORN	LBBEY	1803
DZORN	SIKOP	1432
DZORN	SYLTK	1764
DZORN	TNBIZ	538
DZORN	TNTUN	589
DZSKI	BGVAR	1332
DZSKI	BSFPO	4288
DZSKI	DZAAE	63
DZSKI	DZALG	200
DZSKI	DZBJA	99
DZSKI	DZORN	398
DZSKI	EGDMT	1337
DZSKI	ESBCN	354
DZSKI	ESTAR	360
DZSKI	GIGIB	629
DZSKI	ITGOA	469
DZSKI	TNTUN	211
ECESM	CLARI	1484
ECESM	CLIQQ	1550
ECESM	ECGYQ	356
ECESM	JCT_TORRES_STRAIT_AUSTRALIA	8449
ECESM	MXACA	1527
ECESM	NICIO	823
ECESM	PABLB	472
ECESM	PECLL	909
ECESM	USSD2	2940
ECESM	USSFO	3342
ECGYQ	ARUSH	3244
ECGYQ	CLARI	1251
ECGYQ	CLIQQ	1317
ECGYQ	CNSHA	8872
ECGYQ	CNTAO	8880
ECGYQ	COBUN	571
ECGYQ	ECESM	356
ECGYQ	FJSUV	6067
ECGYQ	GUGUM	8147
ECGYQ	HKHKG	9505
ECGYQ	JCT_TORRES_STRAIT_AUSTRALIA	8270
ECGYQ	JPYOK	7987
ECGYQ	MXLZC	1802
ECGYQ	NCNOU	6686
ECGYQ	NICIO	1071
ECGYQ	NZAKL	6087
ECGYQ	NZLYT	5790
ECGYQ	PABLB	824
ECGYQ	PESVY	440
ECGYQ	PFPPT	4237
ECGYQ	PHMNL	9615
ECGYQ	USDUT	5552
ECGYQ	USHNL	4853
ECGYQ	USSEA	4326
ECGYQ	VNSGN	10321
EGALY	CYLMS	272
EGALY	DZAAE	1169
EGALY	DZALG	1393
EGALY	DZORN	1590
EGALY	EGDMT	134
EGALY	EGPSD	154
EGALY	ESBCN	1482
EGALY	ESCEU	1802
EGALY	ESVLC	1559
EGALY	GIGIB	1822
EGALY	GRPIR	515
EGALY	GRSKG	678
EGALY	ILHFA	295
EGALY	ITAOI	1096
EGALY	ITGOA	1316
EGALY	ITMSN	834
EGALY	ITTRS	1200
EGALY	LBBEY	341
EGALY	LYBEN	541
EGALY	MTMLA	823
EGALY	SYLTK	402
EGALY	TNTUN	1051
EGALY	TRIZM	547
EGALY	TRPAM	784
EGALY	UAODS	1090
EGDMT	CYLMS	208
EGDMT	DZAAE	1289
EGDMT	DZALG	1514
EGDMT	DZBJA	1423
EGDMT	DZORN	1711
EGDMT	DZSKI	1337
EGDMT	EGALY	134
EGDMT	EGPSD	20
EGDMT	ESAGP	1873
EGDMT	ESALG	1927
EGDMT	ESBCN	1600
EGDMT	ESCEU	1923
EGDMT	ESTAR	1634
EGDMT	ESVLC	1679
EGDMT	FRFOS	1535
EGDMT	GRPIR	599
EGDMT	GRSKG	741
EGDMT	ILASH	126
EGDMT	ILHFA	195
EGDMT	ITGIT	939
EGDMT	ITGOA	1426
EGDMT	ITMNP	953
EGDMT	ITSAL	1098
EGDMT	LBBEY	230
EGDMT	SYLTK	310
EGDMT	TNSFA	1131
EGDMT	TNTUN	1172
EGDMT	TRIZM	608
EGDMT	TRMER	359
EGDMT	TRPAM	804
EGDMT	UAODS	1152
EGPSD	EGALY	154
EGPSD	EGDMT	20
EGRSH	AUCLN	6094
EGRSH	EGSUZ	110
EGSUZ	AUFRE	6198
EGSUZ	BDCGP	4627
EGSUZ	DJJIB	1262
EGSUZ	EGRSH	110
EGSUZ	ERASA	1146
EGSUZ	IDJKT	5181
EGSUZ	INCOK	3125
EGSUZ	INMAA	3925
EGSUZ	INNSA	2934
EGSUZ	INOKH	2775
EGSUZ	JCT_SELAT_SUNDA_INDONESIA	5104
EGSUZ	JCT_TORRES_STRAIT_AUSTRALIA	7303
EGSUZ	JOAQB	268
EGSUZ	LKCMB	3369
EGSUZ	MYMKZ	4779
EGSUZ	MYPEN	4621
EGSUZ	PKKHI	2753
EGSUZ	SAJED	658
EGSUZ	SARTA	3050
EGSUZ	SOMGQ	2381
EGSUZ	YEADE	1288
EGSUZ	ZADUR	4455
ERASA	EGSUZ	1146
ERASA	ZACGH	4056
ESAGP	DZAAE	607
ESAGP	DZALG	368
ESAGP	DZORN	195
ESAGP	EGDMT	1873
ESAGP	ESBCN	464
ESAGP	ESTAR	431
ESAGP	ESVLC	334
ESAGP	GIGIB	78
ESAGP	GRNAI	1446
ESAGP	ITGEA	899
ESAGP	ITGOA	798
ESAGP	ITMSN	979
ESAGP	ITPMO	870
ESAGP	ITTRS	1611
ESAGP	LBBEY	1964
ESAGP	MTMLA	928
ESAGP	TNBIZ	699
ESALC	DZORN	159
ESALC	ESLEI	155
ESALC	ESVLC	98
ESALG	DZORN	229
ESALG	EGDMT	1927
ESALG	ESCAR	238
ESALG	GIGIB	25
ESALG	ITPMO	924
ESBCN	BSFPO	4204
ESBCN	DZAAE	386
ESBCN	DZALG	282
ESBCN	DZBJA	307
ESBCN	DZORN	365
ESBCN	DZSKI	354
ESBCN	EGALY	1482
ESBCN	EGDMT	1600
ESBCN	ESAGP	464
ESBCN	ESCAR	282
ESBCN	ESCEU	515
ESBCN	ESTAR	53
ESBCN	ESVLC	165
ESBCN	FRETN	285
ESBCN	FRFOS	178
ESBCN	GIGIB	534
ESBCN	GRKLL	1156
ESBCN	ITATX	353
ESBCN	ITGOA	356
ESBCN	ITMSN	681
ESBCN	ITPMO	574
ESBCN	ITTRS	1313
ESBCN	SIKOP	1296
ESBCN	TNTUN	492
ESBCN	UAODS	1737
ESCAD	BZBZE	4485
ESCAD	FRBES	887
ESCAD	GIGIB	50
ESCAR	ESALG	238
ESCAR	ESBCN	282
ESCAR	ESVLC	152
ESCAR	ITGOA	616
ESCAR	TRPAM	1573
ESCEU	DZAAE	656
ESCEU	DZALG	417
ESCEU	DZORN	232
ESCEU	EGALY	1802
ESCEU	EGDMT	1923
ESCEU	ESBCN	515
ESCEU	ESVLC	385
ESCEU	GIGIB	23
ESCEU	GRKLL	1478
ESCEU	GRNAI	1496
ESCEU	ILHFA	2012
ESCEU	ITGOA	849
ESCEU	ITMSN	1029
ESCEU	ITPMO	921
ESCEU	ITTRS	1662
ESCEU	MACAS	189
ESCEU	MATNG	29
ESCEU	TNBIZ	750
ESCEU	TNTUN	801
ESEAS	FRBOD	210
ESEAS	PTHOR	957
ESGIJ	FRCQE	294
ESGIJ	FRMTX	274
ESGIJ	PTLEI	309
ESLEI	ESALC	155
ESLEI	GIGIB	171
ESLEI	TNSFA	881
ESLEI	TRPAM	1642
ESLPA	BRMAO	3385
ESLPA	BRPNG	3790
ESLPA	BRREC	2453
ESLPA	BRSSZ	3625
ESLPA	BSFPO	3298
ESLPA	CDMAT	3129
ESLPA	GAPOG	2712
ESLPA	GBBIK	1360
ESLPA	GBPLY	1432
ESLPA	GIGIB	681
ESLPA	MAAGA	337
ESLPA	MACAS	519
ESLPA	PTFNC	282
ESLPA	PTLIS	712
ESLPA	PTPDL	774
ESLPA	SLFNA	1317
ESLPA	SNDKR	855
ESLPA	USXMX	3409
ESLPA	USZ2A	3251
ESLPA	USZB4	3341
ESLPA	VICHA	2791
ESPMI	DZBJA	212
ESPMI	ESTAR	131
ESSCI	CLPUQ	6769
ESSCI	ESVIL	143
ESSCI	FRLPE	303
ESSCI	MACAS	683
ESSCI	SNDKR	1863
ESSCI	ZACPT	5438
ESSCT	ARBUE	4619
ESSCT	BRBEL	2599
ESSCT	BRIGI	3518
ESSCT	CAHAL	2480
ESSCT	CAMTR	3011
ESSCT	CLPUQ	5690
ESSCT	CUGUB	3265
ESSCT	CVGRA	849
ESSCT	ESVGO	909
ESSCT	FRCQE	1320
ESSCT	GBBIK	1356
ESSCT	GBPDS	1952
ESSCT	GHTKD	2119
ESSCT	GIGIB	697
ESSCT	JCT_STRAITS_OF_FLORIDA	3614
ESSCT	MACAS	548
ESSCT	PAONX	3776
ESSCT	PTFNC	258
ESSCT	PTLIS	714
ESSCT	PTPDL	740
ESSCT	SNDKR	846
ESSCT	TTPTS	2804
ESSCT	USMIO	3427
ESSCT	USPXX	3062
ESSCT	USWSJ	2820
ESSCT	USZB4	3275
ESSCT	ZACGH	4453
ESSCT	ZACPT	4435
ESTAR	DZAAE	392
ESTAR	DZALG	276
ESTAR	DZORN	336
ESTAR	DZSKI	360
ESTAR	EGDMT	1634
ESTAR	ESAGP	431
ESTAR	ESBCN	53
ESTAR	ESPMI	131
ESTAR	ESVLC	124
ESTAR	GIGIB	501
ESTAR	SYLTK	1662
ESVGO	ARBUE	5518
ESVGO	BRBEL	3398
ESVGO	BRIGI	4418
ESVGO	BRREC	3346
ESVGO	BSFPO	3566
ESVGO	CAHAL	2454
ESVGO	CAMTR	2873
ESVGO	CVGRA	1737
ESVGO	ESSCT	909
ESVGO	FRBES	438
ESVGO	FRCQE	439
ESVGO	FRURO	744
ESVGO	GBBIK	484
ESVGO	GIGIB	504
ESVGO	GMBJL	1832
ESVGO	MAAGA	727
ESVGO	MACAS	545
ESVGO	MATNG	516
ESVGO	MRNDB	1352
ESVGO	PAONX	4194
ESVGO	PTFNC	702
ESVGO	PTHOR	938
ESVGO	PTLIS	247
ESVGO	PTPDL	828
ESVGO	USMIO	3549
ESVGO	USPXX	3066
ESVGO	USWSJ	3228
ESVGO	USXMX	3429
ESVIL	ESSCI	143
ESVIL	PTLIS	264
ESVLC	DZAAE	426
ESVLC	DZALG	230
ESVLC	DZORN	238
ESVLC	EGALY	1559
ESVLC	EGDMT	1679
ESVLC	ESAGP	334
ESVLC	ESALC	98
ESVLC	ESBCN	165
ESVLC	ESCAR	152
ESVLC	ESCEU	385
ESVLC	ESTAR	124
ESVLC	GIGIB	403
ESVLC	GRNAI	1252
ESVLC	GRPIR	1174
ESVLC	ILHFA	1767
ESVLC	ITGOA	512
ESVLC	ITMSN	764
ESVLC	ITPMO	656
ESVLC	ITTRS	1396
ESVLC	LBBEY	1770
ESVLC	SYLTK	1765
ESVLC	TNTUN	560
FIHEL	FIKTK	99
FIHEL	PLGDY	415
FIHEL	SESLI	254
FIKTK	DKSKA	755
FIKTK	FIHEL	99
FIKTK	RUKGD	475
FIKTK	RULED	113
FIKTK	SEGOT	725
FIKTK	SESTO	311
FIRAU	FITKU	98
FIRAU	SESTO	230
FITKU	DKSKA	642
FITKU	FIRAU	98
FJSUV	AUPWI	2088
FJSUV	AUSYD	1738
FJSUV	BRVIX	7771
FJSUV	CKAVA	1256
FJSUV	CLARI	6208
FJSUV	CLPUQ	5444
FJSUV	CLSAI	5724
FJSUV	CNSHA	4467
FJSUV	CNTAO	4662
FJSUV	CNXMN	4389
FJSUV	ECGYQ	6067
FJSUV	GUGUM	2784
FJSUV	HKHKG	4541
FJSUV	JCT_TORRES_STRAIT_AUSTRALIA	2262
FJSUV	JPYOK	3967
FJSUV	MXLZC	5173
FJSUV	NCNOU	734
FJSUV	NZAKL	1149
FJSUV	NZNPL	1317
FJSUV	NZWLG	1476
FJSUV	PABLB	6325
FJSUV	PFPPT	1838
FJSUV	PHGES	3546
FJSUV	PHMNL	4048
FJSUV	USDUT	4493
FJSUV	USHNL	2776
FJSUV	USLAX	4788
FJSUV	USSEA	5162
FJSUV	USSFO	4749
FJSUV	VNSGN	4679
FMPNI	CLPUQ	7260
FMPNI	CNSHA	2545
FMPNI	JPNGS	2256
FOKVI	CAMTR	2481
FOKVI	FOTOR	16
FOKVI	JCT_GRAND_BANKS_SOUTH	1925
FOKVI	NOAES	355
FOTOR	FOKVI	16
FOTOR	NOBGO	372
FRBES	BRMAO	4486
FRBES	BSFPO	3827
FRBES	CUGUB	3784
FRBES	ESCAD	887
FRBES	ESVGO	438
FRBES	FRCQE	55
FRBES	FRURO	342
FRBES	NLRTM	457
FRBES	PAONX	4420
FRBES	PTFNC	1110
FRBES	USPXX	3160
FRBES	USZ2A	3308
FRBES	USZB4	3452
FRBES	ZACGH	5757
FRBOD	ESEAS	210
FRBOD	FRLPE	111
FRCOU	FRFOS	4
FRCQE	AOLOB	4670
FRCQE	BEANR	441
FRCQE	BEZEE	380
FRCQE	BRITJ	5177
FRCQE	BRSSA	4134
FRCQE	CASEI	2338
FRCQE	DEBRV	647
FRCQE	DEHAM	703
FRCQE	DKSKA	833
FRCQE	ESGIJ	294
FRCQE	ESSCT	1320
FRCQE	ESVGO	439
FRCQE	FRBES	55
FRCQE	FRDKK	351
FRCQE	FRLEH	243
FRCQE	FRLPE	245
FRCQE	GBABD	715
FRCQE	GBBIK	80
FRCQE	GBFXT	400
FRCQE	GBLON	398
FRCQE	GBSFW	632
FRCQE	GBSOU	223
FRCQE	GIGIB	918
FRCQE	GNCKY	2584
FRCQE	GWOXB	2401
FRCQE	IEFTR	225
FRCQE	JCT_GRAND_BANKS_SOUTH	1877
FRCQE	MAAGA	1136
FRCQE	MACAS	960
FRCQE	MRNDB	1770
FRCQE	NLRTM	444
FRCQE	NOBGO	894
FRCQE	NOKRS	794
FRCQE	NOSVG	823
FRCQE	PAONX	4374
FRCQE	PTFDF	565
FRCQE	PTFNC	1089
FRCQE	PTLIS	666
FRCQE	UYMVD	5802
FRCQE	ZACGH	5746
FRDKK	BEANR	102
FRDKK	DEBRV	321
FRDKK	DEHAM	374
FRDKK	DKSKA	511
FRDKK	FRCQE	351
FRDKK	FRLEH	144
FRDKK	GBABD	418
FRDKK	GBBIK	355
FRDKK	GBLON	112
FRDKK	GBPLY	264
FRDKK	GBSOU	168
FRDKK	NLAMS	135
FRDKK	NOBGO	585
FRDKK	NOKRS	475
FRDKK	NOSVG	510
FRETN	ESBCN	285
FRETN	ITCVV	213
FRFOS	DZAAE	419
FRFOS	EGDMT	1535
FRFOS	ESBCN	178
FRFOS	FRCOU	4
FRFOS	GIGIB	703
FRFOS	ITGOA	221
FRLEH	BEANR	244
FRLEH	BEZEE	186
FRLEH	BSFPO	3825
FRLEH	DEBRV	453
FRLEH	DEHAM	511
FRLEH	DKSKA	639
FRLEH	FRCQE	243
FRLEH	FRDKK	144
FRLEH	FRURO	69
FRLEH	GBABD	530
FRLEH	GBBIK	263
FRLEH	GBLON	205
FRLEH	GBPLY	177
FRLEH	GBSOU	105
FRLEH	NLRTM	250
FRLEH	NOAES	824
FRLEH	NOBGO	702
FRLEH	NOKRS	600
FRLEH	NOSVG	629
FRLPE	ESSCI	303
FRLPE	FRBOD	111
FRLPE	FRCQE	245
FRLPE	FRMTX	108
FRLPE	GIGIB	950
FRMTX	ESGIJ	274
FRMTX	FRLPE	108
FRURO	BEZEE	249
FRURO	BRMAO	4772
FRURO	ESVGO	744
FRURO	FRBES	342
FRURO	FRLEH	69
FRURO	GBSOU	170
GACLZ	CLPUQ	5102
GACLZ	GALBV	52
GACLZ	SRPBM	3866
GACLZ	ZACGH	2105
GACLZ	ZACPT	2081
GALBV	ARPUD	4810
GALBV	BJCOO	547
GALBV	BRMAO	4360
GALBV	BRPNG	3593
GALBV	BRSSZ	3464
GALBV	BRVIX	3144
GALBV	CDMAT	571
GALBV	CGPNR	426
GALBV	CMDLA	228
GALBV	GACLZ	52
GALBV	GAPOG	83
GALBV	GHTKD	687
GALBV	NGAPP	515
GALBV	TGLFW	596
GAPOG	AOLAD	593
GAPOG	ARBUE	4141
GAPOG	ARPUD	4758
GAPOG	BJCOO	564
GAPOG	BRMAO	4327
GAPOG	BRSSZ	3427
GAPOG	BRVIX	3115
GAPOG	CDBOA	470
GAPOG	CDMAT	502
GAPOG	CGPNR	359
GAPOG	CIABJ	850
GAPOG	CMDLA	297
GAPOG	ESLPA	2712
GAPOG	GALBV	83
GAPOG	GHTKD	698
GAPOG	GNCKY	1550
GAPOG	LRMLW	1278
GAPOG	NGAPP	540
GAPOG	SLFNA	1496
GAPOG	TGLFW	584
GBABD	BEANR	465
GBABD	DEBRV	425
GBABD	DEHAM	473
GBABD	DKSKA	416
GBABD	FRCQE	715
GBABD	FRDKK	418
GBABD	FRLEH	530
GBABD	GBLOW	320
GBABD	GBPDS	106
GBABD	GBPLY	642
GBABD	GBSOU	532
GBABD	NLRTM	391
GBABD	NOAES	404
GBABD	NOBGO	309
GBABD	NOKRS	340
GBABD	NOSVG	278
GBARD	GBBIK	350
GBARD	GBPDS	282
GBBIK	ARBUE	5947
GBBIK	BEANR	449
GBBIK	BEZEE	393
GBBIK	BRITJ	5210
GBBIK	BRREC	3775
GBBIK	CAMTR	2681
GBBIK	CAYYT	1804
GBBIK	CLPUQ	7019
GBBIK	CUGUB	3714
GBBIK	DEBRV	657
GBBIK	DEHAM	717
GBBIK	ESLPA	1360
GBBIK	ESSCT	1356
GBBIK	ESVGO	484
GBBIK	FRCQE	80
GBBIK	FRDKK	355
GBBIK	FRLEH	263
GBBIK	GBARD	350
GBBIK	GBDTM	122
GBBIK	GBESH	249
GBBIK	GBFXT	377
GBBIK	GIGIB	969
GBBIK	GMBJL	2294
GBBIK	GNCKY	2626
GBBIK	HTCAP	3565
GBBIK	IEDUB	232
GBBIK	IEFTR	149
GBBIK	JCT_GRAND_BANKS_SOUTH	1830
GBBIK	JMKIN	3866
GBBIK	LCCAS	3405
GBBIK	MRNDB	1812
GBBIK	NLRTM	454
GBBIK	PTAVE	568
GBBIK	PTFDF	598
GBBIK	USMIO	3663
GBBIK	USWSJ	3390
GBBIK	USZB4	3368
GBBIK	UYMVD	5834
GBBIK	VELAG	3777
GBBIK	ZACPT	5772
GBDTM	GBBIK	122
GBDTM	GBSOU	100
GBDVR	DEBRV	341
GBDVR	GBPLY	229
GBESH	GBBIK	249
GBESH	GBLON	161
GBFAL	GBLON	351
GBFAL	GBPLY	37
GBFAL	GBSOU	160
GBFAL	IEDUB	248
GBFXT	BEANR	141
GBFXT	DEWVN	300
GBFXT	DKSKA	478
GBFXT	FRCQE	400
GBFXT	GBBIK	377
GBFXT	NLAMS	144
GBFXT	NLRTM	121
GBFXT	NOBGO	544
GBFXT	NOSVG	477
GBLON	BEANR	193
GBLON	BEZEE	131
GBLON	DEBRV	375
GBLON	DEHAM	425
GBLON	DKSKA	554
GBLON	FRCQE	398
GBLON	FRDKK	112
GBLON	FRLEH	205
GBLON	GBESH	161
GBLON	GBFAL	351
GBLON	GBLOW	110
GBLON	GBPLY	321
GBLON	GBSOU	215
GBLON	GBTHS	18
GBLON	NLRTM	184
GBLON	NOAES	733
GBLON	NOBGO	613
GBLON	NOKRS	514
GBLON	NOSVG	539
GBLOW	BEZEE	94
GBLOW	GBABD	320
GBLOW	GBLON	110
GBPDS	ARBUE	6491
GBPDS	BRBEL	4219
GBPDS	BRIGI	5391
GBPDS	BRREC	4319
GBPDS	CASEI	2230
GBPDS	CAYYT	1855
GBPDS	CLPUQ	7563
GBPDS	CUGUB	3869
GBPDS	DEBRV	507
GBPDS	DEHAM	555
GBPDS	DKSKA	450
GBPDS	ESSCT	1952
GBPDS	GBABD	106
GBPDS	GBARD	282
GBPDS	GBSFW	16
GBPDS	IEDUB	424
GBPDS	IEIIT	272
GBPDS	JCT_GRAND_BANKS_SOUTH	1998
GBPDS	JMKIN	4032
GBPDS	LCCAS	3704
GBPDS	NLRTM	495
GBPDS	NOAES	350
GBPDS	NOBGO	296
GBPDS	NOKRS	372
GBPDS	PTFNC	1714
GBPDS	USWSJ	3645
GBPDS	VICHA	3616
GBPLY	BEANR	366
GBPLY	BEZEE	303
GBPLY	DEHAM	628
GBPLY	DKSKA	756
GBPLY	ESLPA	1432
GBPLY	FRDKK	264
GBPLY	FRLEH	177
GBPLY	GBABD	642
GBPLY	GBDVR	229
GBPLY	GBFAL	37
GBPLY	GBLON	321
GBPLY	GBSOU	134
GBPLY	NLRTM	367
GBPLY	NOBGO	819
GBPLY	NOKRS	717
GBPLY	NOSVG	746
GBSFW	FRCQE	632
GBSFW	GBPDS	16
GBSOU	BEANR	260
GBSOU	BEZEE	197
GBSOU	BSFPO	3821
GBSOU	DEBRV	464
GBSOU	DEHAM	522
GBSOU	DKSKA	650
GBSOU	FRCQE	223
GBSOU	FRDKK	168
GBSOU	FRLEH	105
GBSOU	FRURO	170
GBSOU	GBABD	532
GBSOU	GBDTM	100
GBSOU	GBFAL	160
GBSOU	GBLON	215
GBSOU	GBPLY	134
GBSOU	NLRTM	261
GBSOU	NOBGO	713
GBSOU	NOKRS	611
GBSOU	NOSVG	640
GBTHS	GBLON	18
GDSTG	BBBGI	144
GDSTG	VELAG	322
GEPTI	BGVAR	589
GEPTI	CYLMS	1258
GEPTI	GRPIR	914
GEPTI	LBBEY	1448
GEPTI	TRIZM	838
GEPTI	TRPAM	637
GEPTI	UAODS	547
GHACC	CIPBT	230
GHACC	CISPY	398
GHACC	NGAPP	221
GHSEK	LRMLW	599
GHSEK	NGAPP	316
GHTEM	GHTKD	117
GHTEM	ZACGH	2619
GHTKD	ANWIL	4040
GHTKD	ARPUD	4452
GHTKD	ARUSH	4860
GHTKD	BJCOO	257
GHTKD	BRMAO	3693
GHTKD	BRTRM	3483
GHTKD	BRVIX	2629
GHTKD	CDBOA	1064
GHTKD	CDMAT	1105
GHTKD	CGPNR	1001
GHTKD	CIABJ	157
GHTKD	ESSCT	2119
GHTKD	GALBV	687
GHTKD	GAPOG	698
GHTKD	GHTEM	117
GHTKD	LRGRE	461
GHTKD	LRMLW	597
GHTKD	SLPEP	818
GHTKD	TGLFW	200
GIGIB	ARBUE	5280
GIGIB	BRITJ	4559
GIGIB	BRREC	3116
GIGIB	CANWP	2302
GIGIB	CUGUB	3737
GIGIB	CVGRA	1539
GIGIB	CYLMS	1914
GIGIB	DZAAE	675
GIGIB	DZALG	437
GIGIB	DZBJA	545
GIGIB	DZORN	252
GIGIB	DZSKI	629
GIGIB	EGALY	1822
GIGIB	ESAGP	78
GIGIB	ESALG	25
GIGIB	ESBCN	534
GIGIB	ESCAD	50
GIGIB	ESCEU	23
GIGIB	ESLEI	171
GIGIB	ESLPA	681
GIGIB	ESSCT	697
GIGIB	ESTAR	501
GIGIB	ESVGO	504
GIGIB	ESVLC	403
GIGIB	FRCQE	918
GIGIB	FRFOS	703
GIGIB	FRLPE	950
GIGIB	GBBIK	969
GIGIB	ITGEA	968
GIGIB	ITGIT	1052
GIGIB	ITGOA	868
GIGIB	ITMSN	1049
GIGIB	ITSAL	1018
GIGIB	ITTRS	1682
GIGIB	JCT_STRAITS_OF_FLORIDA	4009
GIGIB	LBBEY	2034
GIGIB	LCCAS	3236
GIGIB	MACAS	166
GIGIB	MAEUN	667
GIGIB	PAONX	4351
GIGIB	PTLIS	286
GIGIB	PTPDL	964
GIGIB	TNBIZ	769
GIGIB	TNSFA	1043
GIGIB	TNTUN	820
GIGIB	USFLL	3778
GIGIB	USILM	3538
GIGIB	USPXX	3320
GIGIB	USWSJ	3336
GIGIB	USZ2A	3466
GIGIB	VELAG	3634
GMBJL	ESVGO	1832
GMBJL	GBBIK	2294
GMBJL	ZACGH	3492
GNCKY	ARUSH	4619
GNCKY	BRIGI	2627
GNCKY	BRMAO	2982
GNCKY	BRPNG	2920
GNCKY	BRVIX	2349
GNCKY	BSFPO	3797
GNCKY	CDMAT	1915
GNCKY	CGPNR	1793
GNCKY	CIPBT	760
GNCKY	CUGUB	3615
GNCKY	CVGRA	792
GNCKY	FRCQE	2584
GNCKY	GAPOG	1550
GNCKY	GBBIK	2626
GNCKY	JCT_GRAND_BANKS_SOUTH	2765
GNCKY	JCT_STRAITS_OF_FLORIDA	4038
GNCKY	LRMLW	323
GNCKY	PTFNC	1506
GNCKY	PTLIS	1962
GNCKY	SLFNA	93
GNCKY	SNDKR	443
GNCKY	TTPTS	2856
GNCKY	USMIO	3868
GNCKY	USPXX	3775
GNCKY	ZACGH	3209
GNCKY	ZACPT	3189
GNKMR	CIABJ	803
GNKMR	CVGRA	713
GNKMR	LRMLW	372
GNKMR	MAAGA	1422
GNKMR	SLFNA	153
GNKMR	SNDKR	330
GNKMR	USWSJ	3018
GNKMR	ZACGH	3294
GNKMR	ZACPT	3274
GPPTP	MQFDF	108
GPPTP	VICHA	267
GRANK	ITGOA	1026
GRANK	TRMER	457
GRKLL	DZALG	1071
GRKLL	ESBCN	1156
GRKLL	ESCEU	1478
GRKLL	ILASH	525
GRKLL	ITNAP	671
GRKLL	ITTRS	852
GRKLL	LBBEY	533
GRKLL	MATNG	1505
GRMJT	TRIZM	84
GRMJT	TRMER	551
GRNAI	CYLMS	405
GRNAI	DZAAE	863
GRNAI	DZALG	1087
GRNAI	DZORN	1284
GRNAI	ESAGP	1446
GRNAI	ESCEU	1496
GRNAI	ESVLC	1252
GRNAI	GRSKG	351
GRNAI	ILHFA	522
GRNAI	ITATX	804
GRNAI	ITFCO	771
GRNAI	ITMSN	510
GRNAI	SYLTK	527
GRNAI	TNTUN	745
GRPIR	BGVAR	507
GRPIR	CYLMS	554
GRPIR	EGALY	515
GRPIR	EGDMT	599
GRPIR	ESVLC	1174
GRPIR	GEPTI	914
GRPIR	GRSKG	259
GRPIR	ILHFA	650
GRPIR	ITAOI	608
GRPIR	ITMSN	414
GRPIR	ITPMO	531
GRPIR	ITSIR	418
GRPIR	ITTRS	709
GRPIR	LBBEY	647
GRPIR	SYLTK	625
GRPIR	TNBIZ	692
GRPIR	TRFET	305
GRPIR	TRIZM	210
GRPIR	TRMER	598
GRPIR	TRPAM	402
GRPIR	UAODS	712
GRRHO	GRSKG	388
GRRHO	ILHFA	394
GRRHO	LBBEY	393
GRRHO	TRIZM	256
GRRHO	TRPAM	445
GRSKG	CYLCA	703
GRSKG	DZAAE	1063
GRSKG	DZALG	1270
GRSKG	EGALY	678
GRSKG	EGDMT	741
GRSKG	GRNAI	351
GRSKG	GRPIR	259
GRSKG	GRRHO	388
GRSKG	ITAOI	857
GRSKG	ITMSN	663
GRSKG	ITPMO	779
GRSKG	ITTRS	957
GRSKG	TNTUN	945
GRSKG	TRDRC	372
GRSKG	TRIZM	259
GRSKG	TRMER	726
GRSKG	TRPAM	338
GRSKG	UAODS	686
GUGUM	ARPUD	8442
GUGUM	AUDRW	1925
GUGUM	AUMEL	3418
GUGUM	AUSYD	3006
GUGUM	BRPNG	9786
GUGUM	BRSSZ	9923
GUGUM	BRVIX	10205
GUGUM	CAPRR	4586
GUGUM	CLIQQ	8700
GUGUM	CLPUQ	8144
GUGUM	CLSAI	8428
GUGUM	CNDLC	1974
GUGUM	CNFOC	1617
GUGUM	CNLYG	1817
GUGUM	CNSHA	1687
GUGUM	CNTAO	1900
GUGUM	CNXMN	1669
GUGUM	ECGYQ	8147
GUGUM	FJSUV	2784
GUGUM	HKHKG	1822
GUGUM	IDJKT	2639
GUGUM	IDSOQ	1171
GUGUM	IDSRG	2464
GUGUM	IDSUB	2334
GUGUM	JPHTD	1438
GUGUM	JPNAH	1236
GUGUM	JPNGO	1378
GUGUM	JPOSA	1383
GUGUM	JPSHS	1451
GUGUM	JPSMZ	1351
GUGUM	JPTYO	1372
GUGUM	JPUKB	1386
GUGUM	JPYOK	1352
GUGUM	MYTPP	2560
GUGUM	NCNOU	2528
GUGUM	NZAKL	3497
GUGUM	NZLYT	3856
GUGUM	PABLB	7988
GUGUM	PECLL	8372
GUGUM	PFPPT	4335
GUGUM	PGLAE	1315
GUGUM	PGRAB	1187
GUGUM	PHGES	1321
GUGUM	PHMNL	1499
GUGUM	SGSIN	2585
GUGUM	USDUT	3403
GUGUM	USHNL	3318
GUGUM	USSEA	4948
GUGUM	USYBH	5310
GUGUM	USZ2G	5020
GUGUM	VNHPH	2140
GUGUM	VNSGN	2304
GWOXB	BRNAT	1604
GWOXB	CVGRA	631
GWOXB	FRCQE	2401
GWOXB	ZACGH	3518
GYGEO	ARBUE	3954
GYGEO	BRIGI	2853
GYGEO	BRSSA	2172
GYGEO	CLPUQ	5030
GYGEO	CRMOB	1647
GYGEO	HNPCR	1933
GYGEO	TTPTS	376
GYGEO	UYMVD	3840
HKHKG	CNFOC	459
HKHKG	CNLYG	1175
HKHKG	CNSHA	824
HKHKG	CNSZX	5
HKHKG	CNTAO	1120
HKHKG	CNXMN	290
HKHKG	CNZHA	408
HKHKG	ECGYQ	9505
HKHKG	FJSUV	4541
HKHKG	GUGUM	1822
HKHKG	IDSPH	1524
HKHKG	IDSUB	1925
HKHKG	JCT_SELAT_SUNDA_INDONESIA	1807
HKHKG	JCT_TORRES_STRAIT_AUSTRALIA	2725
HKHKG	JPHKD	1810
HKHKG	JPNGS	1069
HKHKG	JPSHS	1179
HKHKG	JPUKB	1372
HKHKG	JPYOK	1585
HKHKG	KRPUS	1144
HKHKG	NCNOU	4107
HKHKG	NZAKL	5060
HKHKG	PABLB	9195
HKHKG	PFPPT	6132
HKHKG	PGRAB	2764
HKHKG	PHMNL	631
HKHKG	THLCH	1546
HKHKG	TWKEL	474
HKHKG	TWKHH	342
HKHKG	UMMDY	3728
HKHKG	USDUT	4026
HKHKG	USHNL	4857
HKHKG	USSD2	6439
HKHKG	USSFO	6044
HKHKG	VNCRB	707
HKHKG	VNDAD	520
HKHKG	VNNHA	678
HKHKG	VNSGN	917
HNPCR	COBAQ	873
HNPCR	CRMOB	623
HNPCR	CUGUB	770
HNPCR	GYGEO	1933
HNPCR	JCT_YUCATAN_CHANNEL	399
HNPCR	LCCAS	1578
HNPCR	PAONX	776
HNPCR	SNDKR	4077
HNPCR	TTPTS	1599
HNPCR	USGLS	1001
HNPCR	USMOB	915
HNPCR	USMSY	916
HNPCR	USWSJ	1284
HNPCR	USXMX	1189
HNPCR	VELAG	1294
HNPCR	VICHA	1343
HTCAP	BZBZE	950
HTCAP	GBBIK	3565
HTCAP	PAONX	817
HTCAP	SNDKR	3154
IDBLW	IDJKT	864
IDBLW	INMAA	1252
IDBLW	MUPLU	2997
IDJKT	BRVIX	8056
IDJKT	CNSHA	2522
IDJKT	CNXMN	1971
IDJKT	EGSUZ	5181
IDJKT	GUGUM	2639
IDJKT	IDBLW	864
IDJKT	IDSRG	236
IDJKT	IDSUB	398
IDJKT	INCCJ	2208
IDJKT	JCT_SELAT_SUNDA_INDONESIA	77
IDJKT	JCT_TORRES_STRAIT_AUSTRALIA	2152
IDJKT	JPHKD	3468
IDJKT	JPNGS	2712
IDJKT	JPUKB	2987
IDJKT	JPYOK	3194
IDJKT	KEMBA	3918
IDJKT	KRPUS	2836
IDJKT	TZDAR	3895
IDJKT	USSFO	7642
IDJKT	VNCRB	1103
IDJKT	VNSGN	1148
IDJKT	ZADUR	4435
IDKAS	JCT_TORRES_STRAIT_AUSTRALIA	1030
IDKAS	JPUKB	2258
IDLOM	AUCLN	1571
IDLOM	AUFRE	1440
IDLOM	CNSHA	2577
IDLOM	IDSPH	476
IDLOM	IDSRG	416
IDLOM	IDSUB	232
IDLOM	JPSMZ	3059
IDLOM	PHCEB	1278
IDLOM	PHCTB	1247
IDLOM	PHGES	1096
IDLOM	ZACGH	5461
IDPNJ	AUCLN	1829
IDPNJ	JCT_SELAT_SUNDA_INDONESIA	51
IDPNJ	VNSGN	1096
IDSOQ	GUGUM	1171
IDSOQ	JCT_TORRES_STRAIT_AUSTRALIA	1021
IDSPH	HKHKG	1524
IDSPH	IDLOM	476
IDSPH	PHMNL	1007
IDSRG	GUGUM	2464
IDSRG	IDJKT	236
IDSRG	IDLOM	416
IDSRG	IDSUB	196
IDSRG	IDUPG	596
IDSRG	JCT_SELAT_SUNDA_INDONESIA	267
IDSUB	CNDLC	2980
IDSUB	CNXMN	2121
IDSUB	GUGUM	2334
IDSUB	HKHKG	1925
IDSUB	IDJKT	398
IDSUB	IDLOM	232
IDSUB	IDSRG	196
IDSUB	JCT_SELAT_SUNDA_INDONESIA	450
IDSUB	JCT_TORRES_STRAIT_AUSTRALIA	1814
IDSUB	JPNGO	2968
IDSUB	JPYOK	3092
IDSUB	PHGES	1151
IDSUB	PHMNL	1540
IDSUB	SGSIN	763
IDSUB	TWKEL	2150
IDSUB	USDUT	5555
IDSUB	USHNL	5598
IDSUB	USLAX	7622
IDSUB	USSEA	7162
IDSUB	USSFO	7343
IDSUB	VNCRB	1251
IDSUB	VNSGN	1206
IDSWI	JCT_TORRES_STRAIT_AUSTRALIA	925
IDSWI	JPYOK	2332
IDSWI	PHBIY	623
IDUPG	IDSRG	596
IDUPG	JCT_SELAT_WATAR_INDONESIA	614
IDUPG	PABLB	9855
IDUPG	PHGES	840
IEDUB	BSFPO	3532
IEDUB	GBBIK	232
IEDUB	GBFAL	248
IEDUB	GBPDS	424
IEDUB	IEFTR	223
IEDUB	IEIIT	184
IEFTR	CUGUB	3626
IEFTR	FRCQE	225
IEFTR	GBBIK	149
IEFTR	IEDUB	223
IEFTR	JMKIN	3748
IEFTR	PAONX	4247
IEFTR	USILM	2942
IEFTR	USWSJ	3299
IEFTR	USZB4	3262
IEFTR	VICHA	3279
IEIIT	BRITJ	5514
IEIIT	CASEI	2135
IEIIT	CAYYT	1720
IEIIT	GBPDS	272
IEIIT	IEDUB	184
IEIIT	MRNDB	2133
IEIIT	USILM	3046
ILASH	EGDMT	126
ILASH	GRKLL	525
ILASH	LBBEY	136
ILASH	SIKOP	1367
ILASH	TRFET	416
ILASH	TRIZM	668
ILHFA	BGVAR	987
ILHFA	BSFPO	5647
ILHFA	CYLMS	142
ILHFA	DZAAE	1378
ILHFA	DZALG	1602
ILHFA	DZORN	1800
ILHFA	EGALY	295
ILHFA	EGDMT	195
ILHFA	ESCEU	2012
ILHFA	ESVLC	1767
ILHFA	GRNAI	522
ILHFA	GRPIR	650
ILHFA	GRRHO	394
ILHFA	ITAOI	1248
ILHFA	ITGEA	1061
ILHFA	ITGOA	1505
ILHFA	ITMSN	1023
ILHFA	LBBEY	76
ILHFA	SYLTK	168
ILHFA	TNTUN	1260
ILHFA	UAODS	1197
INCCJ	IDJKT	2208
INCCJ	INNSA	506
INCCU	BDCGP	367
INCCU	INPPT	186
INCCU	IRBND	3058
INCOK	BDCGP	1578
INCOK	DJJIB	1891
INCOK	EGSUZ	3125
INCOK	INMRM	365
INCOK	INNSA	585
INCOK	IRBND	2067
INCOK	KEMBA	2328
INCOK	LKCMB	318
INCOK	LKTRR	606
INCOK	PKKHI	1044
INCOK	SGSIN	1853
INCOK	TZDAR	2344
INCOK	YEADE	1848
INCOK	ZADUR	3447
INMAA	ARPUD	8639
INMAA	AUCLN	3480
INMAA	AUFRE	3393
INMAA	BDCGP	891
INMAA	BRVIX	7691
INMAA	EGSUZ	3925
INMAA	IDBLW	1252
INMAA	LKCMB	611
INMAA	LKTRR	288
INMAA	MYMKZ	1470
INMAA	MYPEN	1285
INMAA	SGSIN	1583
INMAA	YEADE	2661
INMAA	ZACGH	4956
INMRM	BDCGP	1940
INMRM	INCOK	365
INMRM	INPAV	420
INMRM	LKCMB	671
INMRM	SGSIN	2217
INNSA	AEDXB	1187
INNSA	AUCLN	4059
INNSA	AUFRE	3984
INNSA	BDCGP	2160
INNSA	EGSUZ	2934
INNSA	INCCJ	506
INNSA	INCOK	585
INNSA	INOKH	341
INNSA	INTUT	831
INNSA	JCT_SELAT_SUNDA_INDONESIA	2664
INNSA	JCT_TORRES_STRAIT_AUSTRALIA	4849
INNSA	KEMBA	2400
INNSA	LKCMB	895
INNSA	MUPLU	2517
INNSA	MYPEN	2154
INNSA	MYPKG	2238
INNSA	OMSLL	1081
INNSA	PKKHI	504
INNSA	SADMM	1373
INNSA	TZDAR	2500
INNSA	YEADE	1657
INNSA	ZADUR	3826
INNSA	ZARCB	3725
INOKH	EGSUZ	2775
INOKH	INNSA	341
INOKH	INVVA	215
INPAV	INMRM	420
INPAV	INVVA	80
INPPT	INCCU	186
INPPT	YEADE	2789
INTUT	INNSA	831
INTUT	LKTRR	245
INVVA	INOKH	215
INVVA	INPAV	80
INVVA	IQBSR	1417
INVVA	LKTRR	1213
INVVA	PKKHI	337
INVVA	SCVIC	1764
INVVA	ZACGH	4654
IQBSR	INVVA	1417
IQBSR	IRZBR	802
IQBSR	SADMM	304
IQBSR	SAJBI	231
IRBND	INCCU	3058
IRBND	INCOK	2067
IRBND	IRLVP	198
IRBND	KEMBA	2759
IRBND	PKKHI	1143
IRBND	SAJBI	366
IRBND	TZDAR	2887
IRBND	ZADUR	4394
IRLVP	AUCLN	5121
IRLVP	IRBND	198
IRLVP	JCT_SELAT_SUNDA_INDONESIA	3713
IRLVP	SGSIN	3506
IRLVP	YEADE	1578
IRLVP	ZACGH	4785
IRZBR	IQBSR	802
IRZBR	PKKHI	357
ITAOI	EGALY	1096
ITAOI	GRPIR	608
ITAOI	GRSKG	857
ITAOI	ILHFA	1248
ITAOI	ITMNP	239
ITAOI	ITRAN	71
ITAOI	ITTRS	130
ITAOI	TRPAM	962
ITAOI	UAODS	1310
ITATX	ESBCN	353
ITATX	GRNAI	804
ITATX	LBBEY	1320
ITBDS	ITCVV	568
ITBDS	ITTRS	376
ITCAG	DZALG	332
ITCAG	ITCVV	239
ITCAG	TNBIZ	126
ITCAG	TNTUN	169
ITCVV	FRETN	213
ITCVV	ITBDS	568
ITCVV	ITCAG	239
ITCVV	ITGOA	191
ITCVV	ITMSN	308
ITCVV	ITNAP	152
ITCVV	ITSAL	204
ITCVV	TNSFA	520
ITFCO	GRNAI	771
ITFCO	ITGOA	217
ITGEA	ESAGP	899
ITGEA	GIGIB	968
ITGEA	ILHFA	1061
ITGIT	EGDMT	939
ITGIT	GIGIB	1052
ITGIT	ITNAP	179
ITGIT	ITPMO	124
ITGIT	LYBEN	425
ITGOA	DZAAE	458
ITGOA	DZALG	531
ITGOA	DZBJA	493
ITGOA	DZORN	686
ITGOA	DZSKI	469
ITGOA	EGALY	1316
ITGOA	EGDMT	1426
ITGOA	ESAGP	798
ITGOA	ESBCN	356
ITGOA	ESCAR	616
ITGOA	ESCEU	849
ITGOA	ESVLC	512
ITGOA	FRFOS	221
ITGOA	GIGIB	868
ITGOA	GRANK	1026
ITGOA	ILHFA	1505
ITGOA	ITCVV	191
ITGOA	ITFCO	217
ITGOA	ITMSN	492
ITGOA	ITNAP	338
ITGOA	ITTRS	1118
ITGOA	LBBEY	1508
ITGOA	TNTUN	472
ITMNP	EGDMT	953
ITMNP	ITAOI	239
ITMSN	DZAAE	401
ITMSN	DZALG	621
ITMSN	DZORN	818
ITMSN	EGALY	834
ITMSN	ESAGP	979
ITMSN	ESBCN	681
ITMSN	ESCEU	1029
ITMSN	ESVLC	764
ITMSN	GIGIB	1049
ITMSN	GRNAI	510
ITMSN	GRPIR	414
ITMSN	GRSKG	663
ITMSN	ILHFA	1023
ITMSN	ITCVV	308
ITMSN	ITGOA	492
ITMSN	ITPMO	120
ITMSN	ITSAL	158
ITMSN	ITTRS	637
ITMSN	LBBEY	1027
ITMSN	SIKOP	621
ITMSN	TNTUN	302
ITMSN	TRIZM	614
ITMSN	TRPAM	768
ITNAP	GRKLL	671
ITNAP	ITCVV	152
ITNAP	ITGIT	179
ITNAP	ITGOA	338
ITPMO	DZAAE	292
ITPMO	DZALG	513
ITPMO	DZORN	709
ITPMO	ESAGP	870
ITPMO	ESALG	924
ITPMO	ESBCN	574
ITPMO	ESCEU	921
ITPMO	ESVLC	656
ITPMO	GRPIR	531
ITPMO	GRSKG	779
ITPMO	ITGIT	124
ITPMO	ITMSN	120
ITPMO	ITSAL	167
ITPMO	ITTRS	753
ITPMO	TNTUN	193
ITPMO	TRIZM	730
ITRAN	ITAOI	71
ITRAN	SIKOP	91
ITSAL	EGDMT	1098
ITSAL	GIGIB	1018
ITSAL	ITCVV	204
ITSAL	ITMSN	158
ITSAL	ITPMO	167
ITSIR	GRPIR	418
ITSIR	TNTUN	283
ITTRS	DZAAE	1034
ITTRS	DZALG	1254
ITTRS	DZORN	1450
ITTRS	EGALY	1200
ITTRS	ESAGP	1611
ITTRS	ESBCN	1313
ITTRS	ESCEU	1662
ITTRS	ESVLC	1396
ITTRS	GIGIB	1682
ITTRS	GRKLL	852
ITTRS	GRPIR	709
ITTRS	GRSKG	957
ITTRS	ITAOI	130
ITTRS	ITBDS	376
ITTRS	ITGOA	1118
ITTRS	ITMSN	637
ITTRS	ITPMO	753
ITTRS	TNTUN	930
ITTRS	TRIZM	908
ITTRS	TRPAM	1063
ITTRS	UAODS	1411
JCT_GRAND_BANKS_SOUTH	BRITJ	4613
JCT_GRAND_BANKS_SOUTH	CASEI	818
JCT_GRAND_BANKS_SOUTH	CUHAV	1991
JCT_GRAND_BANKS_SOUTH	FOKVI	1925
JCT_GRAND_BANKS_SOUTH	FRCQE	1877
JCT_GRAND_BANKS_SOUTH	GBBIK	1830
JCT_GRAND_BANKS_SOUTH	GBPDS	1998
JCT_GRAND_BANKS_SOUTH	GNCKY	2765
JCT_GRAND_BANKS_SOUTH	JCT_STRAITS_OF_FLORIDA	1990
JCT_GRAND_BANKS_SOUTH	PAONX	2555
JCT_GRAND_BANKS_SOUTH	PTLIS	1858
JCT_GRAND_BANKS_SOUTH	SNDKR	2336
JCT_GRAND_BANKS_SOUTH	USKCD	924
JCT_SELAT_SUNDA_INDONESIA	AEDXB	3724
JCT_SELAT_SUNDA_INDONESIA	AUADL	2980
JCT_SELAT_SUNDA_INDONESIA	AUCLN	1815
JCT_SELAT_SUNDA_INDONESIA	AUFRE	1691
JCT_SELAT_SUNDA_INDONESIA	CCPRG	647
JCT_SELAT_SUNDA_INDONESIA	CNSHA	2535
JCT_SELAT_SUNDA_INDONESIA	EGSUZ	5104
JCT_SELAT_SUNDA_INDONESIA	HKHKG	1807
JCT_SELAT_SUNDA_INDONESIA	IDJKT	77
JCT_SELAT_SUNDA_INDONESIA	IDPNJ	51
JCT_SELAT_SUNDA_INDONESIA	IDSRG	267
JCT_SELAT_SUNDA_INDONESIA	IDSUB	450
JCT_SELAT_SUNDA_INDONESIA	INNSA	2664
JCT_SELAT_SUNDA_INDONESIA	IRLVP	3713
JCT_SELAT_SUNDA_INDONESIA	JPSMZ	3171
JCT_SELAT_SUNDA_INDONESIA	JPWAK	3004
JCT_SELAT_SUNDA_INDONESIA	KRPUS	2855
JCT_SELAT_SUNDA_INDONESIA	KWSWK	4098
JCT_SELAT_SUNDA_INDONESIA	LKCMB	1781
JCT_SELAT_SUNDA_INDONESIA	OMSLL	3409
JCT_SELAT_SUNDA_INDONESIA	PHMNL	1578
JCT_SELAT_SUNDA_INDONESIA	SGSIN	532
JCT_SELAT_SUNDA_INDONESIA	THLCH	1269
JCT_SELAT_SUNDA_INDONESIA	VNUIH	1241
JCT_SELAT_SUNDA_INDONESIA	YEADE	3842
JCT_SELAT_SUNDA_INDONESIA	ZARCB	4370
JCT_SELAT_WATAR_INDONESIA	AUGOV	611
JCT_SELAT_WATAR_INDONESIA	IDUPG	614
JCT_SELAT_WATAR_INDONESIA	SGSIN	1587
JCT_SELAT_WATAR_INDONESIA	THLCH	2247
JCT_STRAITS_OF_FLORIDA	ARBUE	5713
JCT_STRAITS_OF_FLORIDA	BRIGI	4612
JCT_STRAITS_OF_FLORIDA	BRITJ	5066
JCT_STRAITS_OF_FLORIDA	BRREC	3540
JCT_STRAITS_OF_FLORIDA	BRSSA	3931
JCT_STRAITS_OF_FLORIDA	BRSSZ	4799
JCT_STRAITS_OF_FLORIDA	BSFPO	278
JCT_STRAITS_OF_FLORIDA	CAMTR	2531
JCT_STRAITS_OF_FLORIDA	CAYYT	2094
JCT_STRAITS_OF_FLORIDA	CDBOA	5864
JCT_STRAITS_OF_FLORIDA	CIABJ	4756
JCT_STRAITS_OF_FLORIDA	CMDLA	5526
JCT_STRAITS_OF_FLORIDA	CUHAV	87
JCT_STRAITS_OF_FLORIDA	CVGRA	3308
JCT_STRAITS_OF_FLORIDA	ESSCT	3614
JCT_STRAITS_OF_FLORIDA	GIGIB	4009
JCT_STRAITS_OF_FLORIDA	GNCKY	4038
JCT_STRAITS_OF_FLORIDA	JCT_GRAND_BANKS_SOUTH	1990
JCT_STRAITS_OF_FLORIDA	JCT_YUCATAN_CHANNEL	192
JCT_STRAITS_OF_FLORIDA	MQFDF	1389
JCT_STRAITS_OF_FLORIDA	NGAPP	5222
JCT_STRAITS_OF_FLORIDA	SLPEP	4118
JCT_STRAITS_OF_FLORIDA	USGLS	698
JCT_STRAITS_OF_FLORIDA	USILM	761
JCT_STRAITS_OF_FLORIDA	USMIO	217
JCT_STRAITS_OF_FLORIDA	USMOB	471
JCT_STRAITS_OF_FLORIDA	USMSY	524
JCT_STRAITS_OF_FLORIDA	USPXX	1150
JCT_STRAITS_OF_FLORIDA	USWSJ	1017
JCT_STRAITS_OF_FLORIDA	USXMX	603
JCT_STRAITS_OF_FLORIDA	USZ2A	1102
JCT_STRAITS_OF_FLORIDA	USZB4	637
JCT_STRAITS_OF_FLORIDA	UYMVD	5598
JCT_STRAITS_OF_FLORIDA	ZACGH	6770
JCT_STRAITS_OF_FLORIDA	ZACPT	6766
JCT_TORRES_STRAIT_AUSTRALIA	AUBWB	1750
JCT_TORRES_STRAIT_AUSTRALIA	AUCNS	505
JCT_TORRES_STRAIT_AUSTRALIA	AUDRW	735
JCT_TORRES_STRAIT_AUSTRALIA	AUGOV	346
JCT_TORRES_STRAIT_AUSTRALIA	AUSYD	1670
JCT_TORRES_STRAIT_AUSTRALIA	AUYAM	1283
JCT_TORRES_STRAIT_AUSTRALIA	CNXMN	2655
JCT_TORRES_STRAIT_AUSTRALIA	ECESM	8449
JCT_TORRES_STRAIT_AUSTRALIA	ECGYQ	8270
JCT_TORRES_STRAIT_AUSTRALIA	EGSUZ	7303
JCT_TORRES_STRAIT_AUSTRALIA	FJSUV	2262
JCT_TORRES_STRAIT_AUSTRALIA	HKHKG	2725
JCT_TORRES_STRAIT_AUSTRALIA	IDJKT	2152
JCT_TORRES_STRAIT_AUSTRALIA	IDKAS	1030
JCT_TORRES_STRAIT_AUSTRALIA	IDSOQ	1021
JCT_TORRES_STRAIT_AUSTRALIA	IDSUB	1814
JCT_TORRES_STRAIT_AUSTRALIA	IDSWI	925
JCT_TORRES_STRAIT_AUSTRALIA	INNSA	4849
JCT_TORRES_STRAIT_AUSTRALIA	JPSMZ	3265
JCT_TORRES_STRAIT_AUSTRALIA	KWSWK	6256
JCT_TORRES_STRAIT_AUSTRALIA	LKCMB	3978
JCT_TORRES_STRAIT_AUSTRALIA	MUPLU	4933
JCT_TORRES_STRAIT_AUSTRALIA	MXLZC	7122
JCT_TORRES_STRAIT_AUSTRALIA	MYMKZ	2588
JCT_TORRES_STRAIT_AUSTRALIA	NCNOU	1622
JCT_TORRES_STRAIT_AUSTRALIA	NZAKL	2485
JCT_TORRES_STRAIT_AUSTRALIA	NZNPL	2502
JCT_TORRES_STRAIT_AUSTRALIA	NZNSN	2646
JCT_TORRES_STRAIT_AUSTRALIA	NZPOE	2815
JCT_TORRES_STRAIT_AUSTRALIA	NZWAG	2577
JCT_TORRES_STRAIT_AUSTRALIA	PABLB	8451
JCT_TORRES_STRAIT_AUSTRALIA	PEILQ	8347
JCT_TORRES_STRAIT_AUSTRALIA	PFPPT	4053
JCT_TORRES_STRAIT_AUSTRALIA	PHMNL	2193
JCT_TORRES_STRAIT_AUSTRALIA	PKKHI	5298
JCT_TORRES_STRAIT_AUSTRALIA	SAJBI	6107
JCT_TORRES_STRAIT_AUSTRALIA	SVAQJ	7784
JCT_TORRES_STRAIT_AUSTRALIA	USHNL	4191
JCT_TORRES_STRAIT_AUSTRALIA	USSFO	6249
JCT_TORRES_STRAIT_AUSTRALIA	VNSGN	2629
JCT_TORRES_STRAIT_AUSTRALIA	YEADE	6022
JCT_TSUGARU-KAIKYO_JAPAN	MXLZC	5817
JCT_TSUGARU-KAIKYO_JAPAN	THLCH	3293
JCT_TSUGARU-KAIKYO_JAPAN	USSEA	3910
JCT_YUCATAN_CHANNEL	AWORJ	1024
JCT_YUCATAN_CHANNEL	BRITJ	5073
JCT_YUCATAN_CHANNEL	BSFPO	456
JCT_YUCATAN_CHANNEL	BZBZE	337
JCT_YUCATAN_CHANNEL	COBAQ	881
JCT_YUCATAN_CHANNEL	CRMOB	732
JCT_YUCATAN_CHANNEL	CUHAV	186
JCT_YUCATAN_CHANNEL	CUMZO	482
JCT_YUCATAN_CHANNEL	HNPCR	399
JCT_YUCATAN_CHANNEL	JCT_STRAITS_OF_FLORIDA	192
JCT_YUCATAN_CHANNEL	PAONX	812
JCT_YUCATAN_CHANNEL	USGLS	696
JCT_YUCATAN_CHANNEL	USMIO	387
JCT_YUCATAN_CHANNEL	USMOB	558
JCT_YUCATAN_CHANNEL	USMSY	577
JCT_YUCATAN_CHANNEL	VEPBL	1203
JCT_YUCATAN_CHANNEL	ZACGH	6770
JMKIN	BZBZE	685
JMKIN	COBAQ	442
JMKIN	CRMOB	605
JMKIN	CUGUB	180
JMKIN	CUMZO	283
JMKIN	GBBIK	3866
JMKIN	GBPDS	4032
JMKIN	IEFTR	3748
JMKIN	PAONX	551
JMKIN	USILM	1115
JMPOT	PAONX	582
JMPOT	USXMX	1012
JMPOT	USZ2A	1350
JOAQB	EGSUZ	268
JOAQB	SAJED	573
JOAQB	YEADE	1251
JPCHW	JPYOK	830
JPCHW	SGSIN	2046
JPHKD	CNDLC	1226
JPHKD	CNSHA	1166
JPHKD	HKHKG	1810
JPHKD	IDJKT	3468
JPHKD	JPHTD	709
JPHKD	KRPUS	686
JPHKD	PABLB	7417
JPHKD	USDUT	2228
JPHKD	USLAX	4576
JPHKD	USSEA	3922
JPHKD	USSFO	4247
JPHTD	CNFOC	762
JPHTD	CNLYG	535
JPHTD	GUGUM	1438
JPHTD	JPHKD	709
JPHTD	JPNGS	121
JPHTD	JPSMZ	521
JPHTD	JPUBJ	84
JPHTD	JPUKB	304
JPHTD	JPYOK	608
JPHTD	VNHPH	1559
JPIWK	JPUKB	166
JPIWK	VNSGN	2108
JPKWS	CNDLC	1153
JPKWS	JPYOK	5
JPMOJ	CNTAO	565
JPMOJ	JPNGO	433
JPMOJ	JPTKY	49
JPMOJ	JPTYO	548
JPMOJ	KRPUS	123
JPMOJ	PHBIY	1791
JPMOJ	TWKEL	740
JPNAH	GUGUM	1236
JPNAH	TWTXG	337
JPNGO	CNDLC	1047
JPNGO	CNFOC	1089
JPNGO	CNSHA	933
JPNGO	GUGUM	1378
JPNGO	IDSUB	2968
JPNGO	JPMOJ	433
JPNGO	JPSHS	434
JPNGO	JPSMZ	177
JPNGO	JPUBJ	419
JPNGO	JPUKB	245
JPNGO	JPYOK	214
JPNGO	PHCEB	1684
JPNGO	PHMNL	1663
JPNGO	TWKHH	1234
JPNGS	CNDLC	577
JPNGS	CNLYG	558
JPNGS	CNSHA	463
JPNGS	CNXMN	810
JPNGS	FMPNI	2256
JPNGS	HKHKG	1069
JPNGS	IDJKT	2712
JPNGS	JPHTD	121
JPNGS	KRMOK	261
JPNGS	KRPUS	163
JPNGS	PFPPT	5572
JPNGS	PHCEB	1406
JPNGS	PHCTB	1428
JPNGS	PHMNL	1298
JPNGS	SGSIN	2413
JPNGS	TWKEL	630
JPOSA	CNDLC	859
JPOSA	CNLYG	815
JPOSA	GUGUM	1383
JPOSA	JPTYO	369
JPOSA	JPUKB	11
JPOSA	JPYOK	359
JPOSA	PABLB	7969
JPOSA	PHGES	1842
JPOSA	TWKHH	1125
JPSHS	AUSYD	4453
JPSHS	CLPUQ	9545
JPSHS	CNDLC	616
JPSHS	CNSHA	548
JPSHS	CNTAO	567
JPSHS	CNXMN	920
JPSHS	GUGUM	1451
JPSHS	HKHKG	1179
JPSHS	JPNGO	434
JPSHS	JPSMZ	469
JPSHS	JPUKB	241
JPSHS	JPWAM	10
JPSHS	NZAKL	4944
JPSHS	TWKHH	932
JPSHS	USDUT	2892
JPSHS	USSFO	4910
JPSMZ	CLPUQ	9286
JPSMZ	CNFOC	1217
JPSMZ	GUGUM	1351
JPSMZ	IDLOM	3059
JPSMZ	JCT_SELAT_SUNDA_INDONESIA	3171
JPSMZ	JCT_TORRES_STRAIT_AUSTRALIA	3265
JPSMZ	JPHTD	521
JPSMZ	JPNGO	177
JPSMZ	JPSHS	469
JPSMZ	JPUKB	279
JPSMZ	JPYOK	125
JPSMZ	PHGES	1992
JPSMZ	SGSIN	2879
JPSMZ	USHNL	3311
JPSMZ	USSEA	4155
JPSMZ	USSFO	4454
JPSMZ	VNHPH	1969
JPTKY	JPMOJ	49
JPTKY	JPYOK	510
JPTYO	CNDLC	1161
JPTYO	GUGUM	1372
JPTYO	JPMOJ	548
JPTYO	JPOSA	369
JPTYO	JPYOK	22
JPTYO	PHGES	1979
JPTYO	TWKHH	1349
JPUBJ	JPHTD	84
JPUBJ	JPNGO	419
JPUBJ	KRPUS	143
JPUKB	AUSYD	4384
JPUKB	CAVAN	4541
JPUKB	CNFOC	1003
JPUKB	CNSHA	789
JPUKB	CNTAO	805
JPUKB	CNXMN	1117
JPUKB	GUGUM	1386
JPUKB	HKHKG	1372
JPUKB	IDJKT	2987
JPUKB	IDKAS	2258
JPUKB	JPHTD	304
JPUKB	JPIWK	166
JPUKB	JPNGO	245
JPUKB	JPOSA	11
JPUKB	JPSHS	241
JPUKB	JPSMZ	279
JPUKB	JPWAK	34
JPUKB	JPYOK	357
JPUKB	KRPUS	361
JPUKB	NZAKL	4875
JPUKB	NZNPL	4946
JPUKB	PABLB	7964
JPUKB	PHCTB	1623
JPUKB	PHMNL	1563
JPUKB	SGSIN	2689
JPUKB	TWKHH	1121
JPUKB	USDUT	2833
JPWAK	CLPUQ	9391
JPWAK	JCT_SELAT_SUNDA_INDONESIA	3004
JPWAK	JPUKB	34
JPWAM	JPSHS	10
JPWAM	KRPUS	120
JPWAM	TWKEL	738
JPYOK	AUBNE	3925
JPYOK	AUSYD	4330
JPYOK	CAVAN	4262
JPYOK	CLIQQ	9026
JPYOK	CNFOC	1202
JPYOK	CNSHA	1040
JPYOK	CNXMN	1335
JPYOK	ECGYQ	7987
JPYOK	FJSUV	3967
JPYOK	GUGUM	1352
JPYOK	HKHKG	1585
JPYOK	IDJKT	3194
JPYOK	IDSUB	3092
JPYOK	IDSWI	2332
JPYOK	JPCHW	830
JPYOK	JPHTD	608
JPYOK	JPKWS	5
JPYOK	JPNGO	214
JPYOK	JPOSA	359
JPYOK	JPSMZ	125
JPYOK	JPTKY	510
JPYOK	JPTYO	22
JPYOK	JPUKB	357
JPYOK	KRPUS	665
JPYOK	MHJLT	2442
JPYOK	NCNOU	3837
JPYOK	NZAKL	4789
JPYOK	NZNPL	4881
JPYOK	NZWLG	5041
JPYOK	PABLB	7682
JPYOK	PFPPT	5140
JPYOK	PHCTB	1784
JPYOK	PHMNL	1758
JPYOK	TWKEL	1134
JPYOK	TWKHH	1337
JPYOK	UMMDY	2250
JPYOK	USDUT	2551
JPYOK	USLAX	4839
JPYOK	USSD2	4923
JPYOK	USSEA	4245
JPYOK	USSFO	4536
JPYOK	VNSGN	2419
KEMBA	AUFRE	4564
KEMBA	IDJKT	3918
KEMBA	INCOK	2328
KEMBA	INNSA	2400
KEMBA	IRBND	2759
KEMBA	LKCMB	2518
KEMBA	MYPEN	3699
KEMBA	PKKHI	2361
KEMBA	SGSIN	3987
KEMBA	SOMGQ	502
KEMBA	TZDAR	183
KEMBA	TZTGT	69
KEMBA	YEADE	1602
KEMBA	ZACGH	2472
KEMBA	ZADUR	1718
KIWKI	CNTAO	2614
KIWKI	PFPPT	3401
KRMOK	CNTAO	336
KRMOK	JPNGS	261
KRPUS	AUBWB	3484
KRPUS	CNDLC	543
KRPUS	CNFOC	762
KRPUS	CNSHA	491
KRPUS	CNTAO	497
KRPUS	CNXMN	885
KRPUS	HKHKG	1144
KRPUS	IDJKT	2836
KRPUS	JCT_SELAT_SUNDA_INDONESIA	2855
KRPUS	JPHKD	686
KRPUS	JPMOJ	123
KRPUS	JPNGS	163
KRPUS	JPUBJ	143
KRPUS	JPUKB	361
KRPUS	JPWAM	120
KRPUS	JPYOK	665
KRPUS	PHMNL	1402
KRPUS	SGSIN	2502
KRPUS	THLCH	2610
KRPUS	TWKEL	716
KRPUS	USLAX	5229
KRPUS	USSFO	4914
KRPUS	VNSGN	1999
KWSWK	AUCLN	5426
KWSWK	AUFRE	5429
KWSWK	JCT_SELAT_SUNDA_INDONESIA	4098
KWSWK	JCT_TORRES_STRAIT_AUSTRALIA	6256
KWSWK	OMSLL	1365
KWSWK	SADMM	225
KWSWK	SAJBI	200
KWSWK	SAJED	2647
KWSWK	SGSIN	3872
KWSWK	YEADE	1963
LBBEY	CYLCA	112
LBBEY	DZAAE	1381
LBBEY	DZORN	1803
LBBEY	EGALY	341
LBBEY	EGDMT	230
LBBEY	ESAGP	1964
LBBEY	ESVLC	1770
LBBEY	GEPTI	1448
LBBEY	GIGIB	2034
LBBEY	GRKLL	533
LBBEY	GRPIR	647
LBBEY	GRRHO	393
LBBEY	ILASH	136
LBBEY	ILHFA	76
LBBEY	ITATX	1320
LBBEY	ITGOA	1508
LBBEY	ITMSN	1027
LBBEY	TNTUN	1263
LBBEY	TRMER	179
LBBEY	UAODS	1194
LCCAS	ANWIL	489
LCCAS	AWSNL	532
LCCAS	BBBGI	110
LCCAS	BZBZE	1609
LCCAS	CAMTR	2642
LCCAS	CRMOB	1316
LCCAS	CUHAV	1370
LCCAS	GBBIK	3405
LCCAS	GBPDS	3704
LCCAS	GIGIB	3236
LCCAS	HNPCR	1578
LCCAS	MQFDF	37
LCCAS	PTHOR	2265
LCCAS	PTLIS	3111
LCCAS	SNDKR	2543
LCCAS	TTPTS	231
LCCAS	VELAG	405
LCCAS	VEPBL	465
LKCMB	AEDXB	1954
LKCMB	AUCLN	3203
LKCMB	AUFRE	3122
LKCMB	BDCGP	1302
LKCMB	BRVIX	7250
LKCMB	EGSUZ	3369
LKCMB	INCOK	318
LKCMB	INMAA	611
LKCMB	INMRM	671
LKCMB	INNSA	895
LKCMB	JCT_SELAT_SUNDA_INDONESIA	1781
LKCMB	JCT_TORRES_STRAIT_AUSTRALIA	3978
LKCMB	KEMBA	2518
LKCMB	LKKNK	196
LKCMB	MUPLU	2098
LKCMB	MYMKZ	1458
LKCMB	MYPEN	1285
LKCMB	OMSLL	1628
LKCMB	PKKHI	1344
LKCMB	SAJBI	2157
LKCMB	TZDAR	2565
LKCMB	YEADE	2094
LKCMB	ZADUR	3615
LKKNK	LKCMB	196
LKKNK	LKTRR	131
LKTRR	INCOK	606
LKTRR	INMAA	288
LKTRR	INTUT	245
LKTRR	INVVA	1213
LKTRR	LKKNK	131
LKTRR	MYPKG	1253
LRGRE	GHTKD	461
LRGRE	MRNDB	1166
LRMLW	ARPUD	4353
LRMLW	ARUSH	4448
LRMLW	BRITJ	3096
LRMLW	BRMAO	3158
LRMLW	BRPNG	2825
LRMLW	BRSSZ	2731
LRMLW	BRVIX	2366
LRMLW	CDBOA	1576
LRMLW	CDMAT	1621
LRMLW	CGPNR	1525
LRMLW	CISPY	312
LRMLW	CUGUB	3828
LRMLW	CVGRA	1069
LRMLW	GAPOG	1278
LRMLW	GHSEK	599
LRMLW	GHTKD	597
LRMLW	GNCKY	323
LRMLW	GNKMR	372
LRMLW	MAAGA	1761
LRMLW	MRNDB	1061
LRMLW	SLFNA	278
LRMLW	SNDKR	693
LRMLW	TGLFW	789
LRMLW	TTPTS	3045
LRMLW	USMIO	4100
LVVNT	PLGDY	204
LVVNT	RULED	374
LVVNT	SESTO	174
LYBEN	EGALY	541
LYBEN	ITGIT	425
MAAGA	AOLAD	3507
MAAGA	BRMAO	3689
MAAGA	ESLPA	337
MAAGA	ESVGO	727
MAAGA	FRCQE	1136
MAAGA	GNKMR	1422
MAAGA	LRMLW	1761
MAAGA	MACAS	257
MAAGA	MATNG	414
MAAGA	PTLIS	507
MAAGA	SNDKR	1109
MAAGA	USMIO	3692
MAAGA	USPXX	3328
MAAGA	USXMX	3598
MAAGA	USZ2A	3283
MAAGA	VELAG	3241
MACAS	BSFPO	3633
MACAS	CVGRA	1387
MACAS	ESCEU	189
MACAS	ESLPA	519
MACAS	ESSCI	683
MACAS	ESSCT	548
MACAS	ESVGO	545
MACAS	FRCQE	960
MACAS	GIGIB	166
MACAS	MAAGA	257
MACAS	MAEUN	506
MACAS	MATNG	166
MACAS	MRNDB	936
MACAS	PTAVE	457
MACAS	PTFNC	476
MACAS	PTLIS	324
MACAS	PTPDL	915
MAEUN	CLPUQ	5684
MAEUN	GIGIB	667
MAEUN	MACAS	506
MAEUN	SNDKR	793
MATNG	BGVAR	1973
MATNG	BSFPO	3692
MATNG	CISPY	2304
MATNG	CVGRA	1536
MATNG	ESCEU	29
MATNG	ESVGO	516
MATNG	GRKLL	1505
MATNG	MAAGA	414
MATNG	MACAS	166
MATNG	MRNDB	1085
MATNG	PTFDF	385
MATNG	PTFNC	588
MATNG	PTLEI	436
MATNG	PTLIS	293
MHBII	SGSIN	3591
MHBII	USHNL	2179
MHJLT	CLPUQ	6815
MHJLT	JPYOK	2442
MQFDF	ANWIL	495
MQFDF	BBBGI	130
MQFDF	CUSCU	951
MQFDF	GPPTP	108
MQFDF	JCT_STRAITS_OF_FLORIDA	1389
MQFDF	LCCAS	37
MQFDF	PRPSE	381
MQFDF	USPXX	1724
MQFDF	USWSJ	385
MQFDF	USZ2A	1718
MRNDB	ESVGO	1352
MRNDB	FRCQE	1770
MRNDB	GBBIK	1812
MRNDB	IEIIT	2133
MRNDB	LRGRE	1166
MRNDB	LRMLW	1061
MRNDB	MACAS	936
MRNDB	MATNG	1085
MRNDB	PTLIS	1149
MRNDB	SLFNA	850
MRNDB	SNDKR	373
MTMLA	EGALY	823
MTMLA	ESAGP	928
MUPLU	AUADL	4323
MUPLU	AUALH	3340
MUPLU	AUCLN	3214
MUPLU	AUFRE	3202
MUPLU	IDBLW	2997
MUPLU	INNSA	2517
MUPLU	JCT_TORRES_STRAIT_AUSTRALIA	4933
MUPLU	LKCMB	2098
MUPLU	MYMKZ	3215
MUPLU	MYPEN	3042
MUPLU	NZWLG	5900
MUPLU	SCVIC	943
MUPLU	TZZNZ	1388
MUPLU	YEADE	2341
MUPLU	ZACGH	2266
MUPLU	ZADUR	1560
MXACA	CLARI	2768
MXACA	CLIQQ	2834
MXACA	ECESM	1527
MXACA	MXESE	1369
MXACA	MXZLO	295
MXACA	PECLL	2198
MXACA	USHNL	3289
MXESE	MXACA	1369
MXESE	MXLZC	1253
MXESE	MXMRE	241
MXESE	PABLB	2791
MXESE	PFPPT	3599
MXESE	USNTD	194
MXESE	USYBH	139
MXLZC	AUBNE	6668
MXLZC	AUSYD	6584
MXLZC	CLPUQ	4681
MXLZC	COBUN	1669
MXLZC	ECGYQ	1802
MXLZC	FJSUV	5173
MXLZC	JCT_TORRES_STRAIT_AUSTRALIA	7122
MXLZC	JCT_TSUGARU-KAIKYO_JAPAN	5817
MXLZC	MXESE	1253
MXLZC	NICIO	904
MXLZC	NZAKL	5559
MXLZC	NZLYT	5699
MXLZC	PETYL	1832
MXLZC	PFPPT	3447
MXLZC	USHNL	3153
MXLZC	USZ2G	1704
MXMRE	CLPUQ	5505
MXMRE	MXESE	241
MXPGO	CUHAV	430
MXPGO	MXTAM	469
MXPGO	USMSY	556
MXPGO	USZ2A	1530
MXTAM	MXPGO	469
MXTAM	USGLS	473
MXTAM	USMSY	711
MXZLO	MXACA	295
MXZLO	USLAX	1205
MYMKZ	AUALH	2602
MYMKZ	BDCGP	1391
MYMKZ	EGSUZ	4779
MYMKZ	INMAA	1470
MYMKZ	JCT_TORRES_STRAIT_AUSTRALIA	2588
MYMKZ	LKCMB	1458
MYMKZ	MUPLU	3215
MYMKZ	MYPEN	252
MYMKZ	SGSIN	117
MYPEN	AEDXB	3221
MYPEN	BDCGP	1167
MYPEN	EGSUZ	4621
MYPEN	INMAA	1285
MYPEN	INNSA	2154
MYPEN	KEMBA	3699
MYPEN	LKCMB	1285
MYPEN	MUPLU	3042
MYPEN	MYMKZ	252
MYPEN	OMSLL	2878
MYPEN	PKKHI	2595
MYPEN	TZDAR	3754
MYPEN	YEADE	3344
MYPEN	ZACGH	5291
MYPEN	ZADUR	4584
MYPEN	ZAPLZ	4921
MYPKG	BDCGP	1311
MYPKG	INNSA	2238
MYPKG	LKTRR	1253
MYPKG	SGSIN	220
MYPKG	YEADE	3430
MYPKG	ZACGH	5369
MYTPP	GUGUM	2560
MYTPP	SGSIN	32
MZBEW	MZINH	259
MZBEW	MZMPM	476
MZBEW	MZMZQ	476
MZINH	MZBEW	259
MZINH	ZAELS	722
MZMPM	MZBEW	476
MZMPM	YEADE	2953
MZMPM	ZADUR	307
MZMZQ	MZBEW	476
MZMZQ	SCVIC	1085
NCNOU	AUBNE	807
NCNOU	AUMEL	1595
NCNOU	AUSYD	1069
NCNOU	CKAVA	1887
NCNOU	CLPUQ	5745
NCNOU	CLSAI	6094
NCNOU	CLVAP	6115
NCNOU	CNSHA	4185
NCNOU	CNTAO	4416
NCNOU	CNXMN	4031
NCNOU	ECGYQ	6686
NCNOU	FJSUV	734
NCNOU	GUGUM	2528
NCNOU	HKHKG	4107
NCNOU	JCT_TORRES_STRAIT_AUSTRALIA	1622
NCNOU	JPYOK	3837
NCNOU	NZAKL	1034
NCNOU	NZLYT	1369
NCNOU	NZPOE	1545
NCNOU	PECLL	6541
NCNOU	PFPPT	2497
NCNOU	PHGES	2959
NCNOU	PHMNL	3616
NCNOU	USDUT	4857
NCNOU	USHNL	3371
NCNOU	USLAX	5521
NCNOU	USSEA	5760
NCNOU	USSFO	5410
NGAPP	ANWIL	4345
NGAPP	BJCOO	64
NGAPP	CDBOA	933
NGAPP	CDMAT	1002
NGAPP	CGPNR	838
NGAPP	CMDLA	449
NGAPP	CVGRA	1981
NGAPP	GALBV	515
NGAPP	GAPOG	540
NGAPP	GHACC	221
NGAPP	GHSEK	316
NGAPP	JCT_STRAITS_OF_FLORIDA	5222
NGAPP	SHASI	1368
NGAPP	TGLFW	134
NGAPP	TTPTS	3910
NGAPP	USPXX	4983
NGAPP	USZB4	5070
NGLOS	CMDLA	442
NGLOS	USZB4	5065
NICIO	CLARI	2181
NICIO	CLIQQ	2247
NICIO	COBUN	784
NICIO	ECESM	823
NICIO	ECGYQ	1071
NICIO	MXLZC	904
NICIO	PABLB	683
NICIO	PECLL	1606
NICIO	PFPPT	4106
NICIO	USLAX	2281
NICIO	USSD2	2211
NICIO	USSFO	2613
NLAMS	BEZEE	104
NLAMS	DEBRV	223
NLAMS	FRDKK	135
NLAMS	GBFXT	144
NLAMS	NLRTM	67
NLAMS	NOKRS	381
NLRTM	BEANR	121
NLRTM	BEZEE	73
NLRTM	DEBRV	256
NLRTM	DEHAM	307
NLRTM	DKSKA	447
NLRTM	FRBES	457
NLRTM	FRCQE	444
NLRTM	FRLEH	250
NLRTM	GBABD	391
NLRTM	GBBIK	454
NLRTM	GBFXT	121
NLRTM	GBLON	184
NLRTM	GBPDS	495
NLRTM	GBPLY	367
NLRTM	GBSOU	261
NLRTM	NLAMS	67
NLRTM	NOBGO	533
NLRTM	NOKRS	413
NLRTM	NOSVG	455
NOAES	BEZEE	673
NOAES	BRMAO	5245
NOAES	DEBRV	545
NOAES	DEHAM	537
NOAES	DKSKA	450
NOAES	FOKVI	355
NOAES	FRLEH	824
NOAES	GBABD	404
NOAES	GBLON	733
NOAES	GBPDS	350
NOAES	NOBGO	167
NOAES	SEGOT	453
NOBGO	BEANR	602
NOBGO	BEZEE	558
NOBGO	DEBRV	447
NOBGO	DEHAM	486
NOBGO	DKSKA	305
NOBGO	FOTOR	372
NOBGO	FRCQE	894
NOBGO	FRDKK	585
NOBGO	FRLEH	702
NOBGO	GBABD	309
NOBGO	GBFXT	544
NOBGO	GBLON	613
NOBGO	GBPDS	296
NOBGO	GBPLY	819
NOBGO	GBSOU	713
NOBGO	NLRTM	533
NOBGO	NOAES	167
NOBGO	NOKRS	226
NOBGO	NOSVG	111
NOKRS	BEANR	488
NOKRS	DEBRV	292
NOKRS	DEHAM	333
NOKRS	DKSKA	92
NOKRS	FRCQE	794
NOKRS	FRDKK	475
NOKRS	FRLEH	600
NOKRS	GBABD	340
NOKRS	GBLON	514
NOKRS	GBPDS	372
NOKRS	GBPLY	717
NOKRS	GBSOU	611
NOKRS	NLAMS	381
NOKRS	NLRTM	413
NOKRS	NOBGO	226
NOKRS	NOSVG	142
NOSVG	BEANR	525
NOSVG	BEZEE	481
NOSVG	DEBRV	366
NOSVG	DEHAM	403
NOSVG	DKSKA	221
NOSVG	FRCQE	823
NOSVG	FRDKK	510
NOSVG	FRLEH	629
NOSVG	GBABD	278
NOSVG	GBFXT	477
NOSVG	GBLON	539
NOSVG	GBPLY	746
NOSVG	GBSOU	640
NOSVG	NLRTM	455
NOSVG	NOBGO	111
NOSVG	NOKRS	142
NZAKL	AUBNE	1340
NZAKL	AUMEL	1649
NZAKL	AUPWI	1503
NZAKL	AUSYD	1280
NZAKL	CAVAN	6191
NZAKL	CLSAI	5273
NZAKL	CLVAP	5247
NZAKL	CNSHA	5149
NZAKL	CNTAO	5378
NZAKL	CNXMN	4990
NZAKL	ECGYQ	6087
NZAKL	FJSUV	1149
NZAKL	GUGUM	3497
NZAKL	HKHKG	5060
NZAKL	JCT_TORRES_STRAIT_AUSTRALIA	2485
NZAKL	JPSHS	4944
NZAKL	JPUKB	4875
NZAKL	JPYOK	4789
NZAKL	MXLZC	5559
NZAKL	NCNOU	1034
NZAKL	NZLYT	672
NZAKL	NZNSN	633
NZAKL	NZPOE	840
NZAKL	NZTRG	131
NZAKL	PABLB	6516
NZAKL	PECLL	5834
NZAKL	PFPPT	2216
NZAKL	PGRAB	2345
NZAKL	PHGES	3933
NZAKL	USDUT	5578
NZAKL	USHNL	3820
NZAKL	USLAX	5658
NZAKL	USSEA	6170
NZAKL	USSFO	5680
NZKRI	AUSYD	1600
NZKRI	PFPPT	1706
NZLYT	AUADL	1909
NZLYT	AUCLN	2792
NZLYT	AUMEL	1518
NZLYT	BRVIX	7263
NZLYT	CLSAI	5146
NZLYT	CNFOC	5170
NZLYT	ECGYQ	5790
NZLYT	GUGUM	3856
NZLYT	MXLZC	5699
NZLYT	NCNOU	1369
NZLYT	NZAKL	672
NZLYT	NZWLG	174
NZLYT	PHGES	4156
NZNPL	AUMEL	1410
NZNPL	AUPWI	1282
NZNPL	AUSYD	1124
NZNPL	CLPUQ	4690
NZNPL	FJSUV	1317
NZNPL	JCT_TORRES_STRAIT_AUSTRALIA	2502
NZNPL	JPUKB	4946
NZNPL	JPYOK	4881
NZNPL	NZTRG	587
NZNSN	AUBNE	1380
NZNSN	AUCLN	2794
NZNSN	AUSYD	1166
NZNSN	JCT_TORRES_STRAIT_AUSTRALIA	2646
NZNSN	NZAKL	633
NZPOE	AUHBA	1061
NZPOE	AUMEL	1339
NZPOE	AUPWI	1201
NZPOE	JCT_TORRES_STRAIT_AUSTRALIA	2815
NZPOE	NCNOU	1545
NZPOE	NZAKL	840
NZTRG	CLPUQ	4613
NZTRG	NZAKL	131
NZTRG	NZNPL	587
NZTRG	NZWLG	430
NZWAG	AUPWI	1326
NZWAG	AUSYD	1189
NZWAG	CLPUQ	4610
NZWAG	JCT_TORRES_STRAIT_AUSTRALIA	2577
NZWLG	ASPPG	1847
NZWLG	AUBNE	1453
NZWLG	AUCNS	2122
NZWLG	AUPWI	1338
NZWLG	AUSYD	1234
NZWLG	CLPUQ	4634
NZWLG	CLVAP	5036
NZWLG	FJSUV	1476
NZWLG	JPYOK	5041
NZWLG	MUPLU	5900
NZWLG	NZLYT	174
NZWLG	NZTRG	430
NZWLG	PABLB	6505
NZWLG	PECLL	5721
NZWLG	PFPPT	2348
NZWLG	PGLAE	2635
NZWLG	USHNL	4113
NZWLG	USLAX	5857
NZWLG	USSEA	6433
NZWLG	USSFO	5900
NZWLG	YEADE	7814
NZWRE	AUBNE	1311
NZWRE	CLPUQ	4713
OMSLL	AUCLN	4791
OMSLL	INNSA	1081
OMSLL	JCT_SELAT_SUNDA_INDONESIA	3409
OMSLL	KWSWK	1365
OMSLL	LKCMB	1628
OMSLL	MYPEN	2878
OMSLL	SGSIN	3178
OMSLL	YEADE	601
OMSLL	ZACGH	3991
PABLB	AUBNE	7687
PABLB	AUHBA	7630
PABLB	AUMEL	7928
PABLB	AUPWI	7842
PABLB	AUSYD	7674
PABLB	CAVAN	4032
PABLB	CKAVA	5092
PABLB	CLARI	1921
PABLB	CLIQQ	1987
PABLB	CLSAI	2644
PABLB	CNTAO	8575
PABLB	CNXMN	8943
PABLB	COBUN	352
PABLB	ECESM	472
PABLB	ECGYQ	824
PABLB	FJSUV	6325
PABLB	GUGUM	7988
PABLB	HKHKG	9195
PABLB	IDUPG	9855
PABLB	JCT_TORRES_STRAIT_AUSTRALIA	8451
PABLB	JPHKD	7417
PABLB	JPOSA	7969
PABLB	JPUKB	7964
PABLB	JPYOK	7682
PABLB	MXESE	2791
PABLB	NICIO	683
PABLB	NZAKL	6516
PABLB	NZWLG	6505
PABLB	PECLL	1350
PABLB	PESJA	1590
PABLB	PFPPT	4493
PABLB	PHMNL	9370
PABLB	SVAQJ	833
PABLB	USDUT	5246
PABLB	USHNL	4685
PABLB	USLAX	2913
PABLB	USSEA	4020
PABLB	USSFO	3245
PABLB	VNSGN	10017
PABLB	ZACGH	6466
PAONX	ANWIL	698
PAONX	AWSNL	633
PAONX	BRCDO	3149
PAONX	BZBZE	816
PAONX	CAMTR	3204
PAONX	COBAQ	336
PAONX	CRMOB	234
PAONX	CUGUB	689
PAONX	CUMZO	689
PAONX	DOSDQ	802
PAONX	ESSCT	3776
PAONX	ESVGO	4194
PAONX	FRBES	4420
PAONX	FRCQE	4374
PAONX	GIGIB	4351
PAONX	HNPCR	776
PAONX	HTCAP	817
PAONX	IEFTR	4247
PAONX	JCT_GRAND_BANKS_SOUTH	2555
PAONX	JCT_YUCATAN_CHANNEL	812
PAONX	JMKIN	551
PAONX	JMPOT	582
PAONX	PTLIS	4152
PAONX	USPNJ	2021
PAONX	VEPBL	802
PAONX	VICHA	1072
PECLL	CKAVA	4733
PECLL	CLIQQ	659
PECLL	CLSAI	1328
PECLL	COBUN	1126
PECLL	ECESM	909
PECLL	GUGUM	8372
PECLL	MXACA	2198
PECLL	NCNOU	6541
PECLL	NICIO	1606
PECLL	NZAKL	5834
PECLL	NZWLG	5721
PECLL	PABLB	1350
PECLL	PESJA	248
PECLL	PESNX	230
PECLL	PESVY	266
PECLL	PETYL	534
PECLL	PFPPT	4192
PECLL	UMMDY	6280
PECLL	USDUT	5988
PECLL	USHNL	5161
PECLL	USLAX	3655
PECLL	USSEA	4764
PECLL	USSFO	3989
PEILQ	CLARI	85
PEILQ	JCT_TORRES_STRAIT_AUSTRALIA	8347
PESJA	CLPUQ	2280
PESJA	PABLB	1590
PESJA	PECLL	248
PESNX	CLARI	350
PESNX	PECLL	230
PESVY	ECGYQ	440
PESVY	PECLL	266
PETYL	CLARI	1103
PETYL	MXLZC	1832
PETYL	PECLL	534
PFPPT	AUBNE	3234
PFPPT	AUMEL	3691
PFPPT	AUPWI	3546
PFPPT	BRVIX	6609
PFPPT	CLARI	4495
PFPPT	CLPUQ	4233
PFPPT	CLSAI	4242
PFPPT	CNSHA	5907
PFPPT	CNXMN	6001
PFPPT	COBUN	4412
PFPPT	ECGYQ	4237
PFPPT	FJSUV	1838
PFPPT	GUGUM	4335
PFPPT	HKHKG	6132
PFPPT	JCT_TORRES_STRAIT_AUSTRALIA	4053
PFPPT	JPNGS	5572
PFPPT	JPYOK	5140
PFPPT	KIWKI	3401
PFPPT	MXESE	3599
PFPPT	MXLZC	3447
PFPPT	NCNOU	2497
PFPPT	NICIO	4106
PFPPT	NZAKL	2216
PFPPT	NZKRI	1706
PFPPT	NZWLG	2348
PFPPT	PABLB	4493
PFPPT	PECLL	4192
PFPPT	PHMNL	5728
PFPPT	USDUT	4400
PFPPT	USHNL	2381
PFPPT	USLAX	3571
PFPPT	USSEA	4296
PFPPT	USSFO	3663
PFPPT	VNSGN	6443
PGLAE	GUGUM	1315
PGLAE	NZWLG	2635
PGRAB	AUBNE	1434
PGRAB	CLPUQ	7036
PGRAB	CNTAO	3043
PGRAB	GUGUM	1187
PGRAB	HKHKG	2764
PGRAB	NZAKL	2345
PGRAB	PHMNL	2281
PHBGI	PHMNL	207
PHBGI	TWKHH	356
PHBIY	CNDLC	2090
PHBIY	IDSWI	623
PHBIY	JPMOJ	1791
PHBIY	PHCEB	439
PHBIY	TWKEL	1286
PHCEB	CNDLC	1764
PHCEB	CNFOC	1051
PHCEB	CNSHA	1322
PHCEB	IDLOM	1278
PHCEB	JPNGO	1684
PHCEB	JPNGS	1406
PHCEB	PHBIY	439
PHCEB	PHGES	450
PHCEB	TWKEL	937
PHCEB	VNSGN	1152
PHCTB	IDLOM	1247
PHCTB	JPNGS	1428
PHCTB	JPUKB	1623
PHCTB	JPYOK	1784
PHGES	AUBNE	2911
PHGES	AUSYD	3327
PHGES	CNLYG	1948
PHGES	FJSUV	3546
PHGES	GUGUM	1321
PHGES	IDLOM	1096
PHGES	IDSUB	1151
PHGES	IDUPG	840
PHGES	JPOSA	1842
PHGES	JPSMZ	1992
PHGES	JPTYO	1979
PHGES	NCNOU	2959
PHGES	NZAKL	3933
PHGES	NZLYT	4156
PHGES	PHCEB	450
PHGES	PHMNL	724
PHGES	SGSIN	1431
PHGES	USHNL	4583
PHGES	VNHPH	1523
PHMNL	CNDLC	1561
PHMNL	CNFOC	787
PHMNL	CNLYG	1455
PHMNL	CNTAO	1422
PHMNL	CNXMN	662
PHMNL	ECGYQ	9615
PHMNL	FJSUV	4048
PHMNL	GUGUM	1499
PHMNL	HKHKG	631
PHMNL	IDSPH	1007
PHMNL	IDSUB	1540
PHMNL	JCT_SELAT_SUNDA_INDONESIA	1578
PHMNL	JCT_TORRES_STRAIT_AUSTRALIA	2193
PHMNL	JPNGO	1663
PHMNL	JPNGS	1298
PHMNL	JPUKB	1563
PHMNL	JPYOK	1758
PHMNL	KRPUS	1402
PHMNL	NCNOU	3616
PHMNL	PABLB	9370
PHMNL	PFPPT	5728
PHMNL	PGRAB	2281
PHMNL	PHBGI	207
PHMNL	PHGES	724
PHMNL	SGSIN	1330
PHMNL	THLCH	1430
PHMNL	TWKEL	728
PHMNL	UMAWK	2772
PHMNL	USDUT	4233
PHMNL	USLAX	6530
PHMNL	USSD2	6604
PHMNL	VNDAD	758
PHMNL	VNHPH	936
PHMNL	VNSGN	907
PKBQM	PKKHI	5
PKKHI	ARPUD	8383
PKKHI	AUCLN	4512
PKKHI	AUFRE	4446
PKKHI	EGSUZ	2753
PKKHI	INCOK	1044
PKKHI	INNSA	504
PKKHI	INVVA	337
PKKHI	IRBND	1143
PKKHI	IRZBR	357
PKKHI	JCT_TORRES_STRAIT_AUSTRALIA	5298
PKKHI	KEMBA	2361
PKKHI	LKCMB	1344
PKKHI	MYPEN	2595
PKKHI	PKBQM	5
PKKHI	SGSIN	2882
PKKHI	TZDAR	2433
PKKHI	YEADE	1472
PKKHI	ZACGH	4668
PKKHI	ZADUR	3915
PKKHI	ZARCB	3824
PLGDY	DESAS	203
PLGDY	DKGRE	361
PLGDY	FIHEL	415
PLGDY	LVVNT	204
PLGDY	RUKGD	70
PRPSE	CUHAV	981
PRPSE	MQFDF	381
PTAVE	GBBIK	568
PTAVE	MACAS	457
PTFDF	FRCQE	565
PTFDF	GBBIK	598
PTFDF	MATNG	385
PTFDF	PTLIS	109
PTFNC	ARBUE	4823
PTFNC	BRIGI	3722
PTFNC	CLPUQ	5894
PTFNC	CUGUB	3194
PTFNC	CVGRA	1043
PTFNC	ESLPA	282
PTFNC	ESSCT	258
PTFNC	ESVGO	702
PTFNC	FRBES	1110
PTFNC	FRCQE	1089
PTFNC	GBPDS	1714
PTFNC	GNCKY	1506
PTFNC	MACAS	476
PTFNC	MATNG	588
PTFNC	USWSJ	2773
PTHOR	CAMTR	2145
PTHOR	CUGUB	2666
PTHOR	CVGRA	1316
PTHOR	ESEAS	957
PTHOR	ESVGO	938
PTHOR	LCCAS	2265
PTHOR	PTPDL	153
PTHOR	USWSJ	2294
PTHOR	USZ2A	2409
PTLEI	ESGIJ	309
PTLEI	MATNG	436
PTLEI	PTLIS	180
PTLIS	BRREC	3156
PTLIS	BSFPO	3526
PTLIS	CAHAL	2500
PTLIS	CAMTR	3032
PTLIS	CLPUQ	6398
PTLIS	CUGUB	3570
PTLIS	CVGRA	1555
PTLIS	ESLPA	712
PTLIS	ESSCT	714
PTLIS	ESVGO	247
PTLIS	ESVIL	264
PTLIS	FRCQE	666
PTLIS	GIGIB	286
PTLIS	GNCKY	1962
PTLIS	JCT_GRAND_BANKS_SOUTH	1858
PTLIS	LCCAS	3111
PTLIS	MAAGA	507
PTLIS	MACAS	324
PTLIS	MATNG	293
PTLIS	MRNDB	1149
PTLIS	PAONX	4152
PTLIS	PTFDF	109
PTLIS	PTLEI	180
PTLIS	PTLIS	0
PTLIS	PTPDL	783
PTLIS	USMIO	3560
PTLIS	USWSJ	3185
PTLIS	USXMX	3468
PTLIS	USZB4	3397
PTPDL	CAHAL	1785
PTPDL	CAMTR	2283
PTPDL	ESLPA	774
PTPDL	ESSCT	740
PTPDL	ESVGO	828
PTPDL	GIGIB	964
PTPDL	MACAS	915
PTPDL	PTHOR	153
PTPDL	PTLIS	783
PTPDL	USPXX	2388
PTPDL	USZ2A	2529
PTPDL	USZB4	2644
REREU	SGSIN	3450
REREU	ZACGH	2120
REREU	ZADUR	1418
RUKGD	DKAAR	456
RUKGD	FIKTK	475
RUKGD	PLGDY	70
RUKGD	RULED	580
RULED	FIKTK	113
RULED	LVVNT	374
RULED	RUKGD	580
RULED	SEKAA	563
RULED	SESTO	386
SADMM	INNSA	1373
SADMM	IQBSR	304
SADMM	KWSWK	225
SADMM	SGSIN	3681
SADMM	ZACGH	4960
SAJBI	AEDXB	330
SAJBI	AUCLN	5276
SAJBI	AUFRE	5248
SAJBI	IQBSR	231
SAJBI	IRBND	366
SAJBI	JCT_TORRES_STRAIT_AUSTRALIA	6107
SAJBI	KWSWK	200
SAJBI	LKCMB	2157
SAJBI	SARTA	34
SAJBI	SGSIN	3723
SAJED	DJJIB	647
SAJED	EGSUZ	658
SAJED	JOAQB	573
SAJED	KWSWK	2647
SAJED	YEADE	701
SARTA	EGSUZ	3050
SARTA	SAJBI	34
SARTA	YEADE	1773
SARTA	ZACGH	4980
SCVIC	INVVA	1764
SCVIC	MUPLU	943
SCVIC	MZMZQ	1085
SEGOT	DKAAR	139
SEGOT	DKGRE	102
SEGOT	DKSKA	42
SEGOT	FIKTK	725
SEGOT	NOAES	453
SEKAA	DKCPH	148
SEKAA	DKSKA	295
SEKAA	RULED	563
SEKAA	SESLI	187
SEKAA	SESTO	290
SESLI	FIHEL	254
SESLI	SEKAA	187
SESTO	FIKTK	311
SESTO	FIRAU	230
SESTO	LVVNT	174
SESTO	RULED	386
SESTO	SEKAA	290
SGSIN	AEDXB	3517
SGSIN	CAVAN	7078
SGSIN	CNDLC	2612
SGSIN	CNFOC	1817
SGSIN	CNSHA	2207
SGSIN	CNTAO	2466
SGSIN	CNXMN	1649
SGSIN	GUGUM	2585
SGSIN	IDSUB	763
SGSIN	INCOK	1853
SGSIN	INMAA	1583
SGSIN	INMRM	2217
SGSIN	IRLVP	3506
SGSIN	JCT_SELAT_SUNDA_INDONESIA	532
SGSIN	JCT_SELAT_WATAR_INDONESIA	1587
SGSIN	JPCHW	2046
SGSIN	JPNGS	2413
SGSIN	JPSMZ	2879
SGSIN	JPUKB	2689
SGSIN	KEMBA	3987
SGSIN	KRPUS	2502
SGSIN	KWSWK	3872
SGSIN	MHBII	3591
SGSIN	MYMKZ	117
SGSIN	MYPKG	220
SGSIN	MYTPP	32
SGSIN	OMSLL	3178
SGSIN	PHGES	1431
SGSIN	PHMNL	1330
SGSIN	PKKHI	2882
SGSIN	REREU	3450
SGSIN	SADMM	3681
SGSIN	SAJBI	3723
SGSIN	THLCH	759
SGSIN	TZDAR	4042
SGSIN	USDUT	5364
SGSIN	VNNHA	769
SGSIN	VNSGN	649
SGSIN	VNUIH	856
SGSIN	YEADE	3631
SGSIN	ZAPLZ	5209
SHASI	NGAPP	1368
SHASI	UYMVD	2824
SHTDC	ARBUE	3052
SHTDC	CDBOA	1232
SHTDC	USPXX	5169
SHTDC	UYMVD	2936
SHTDC	ZACPT	1697
SIKOP	DZORN	1432
SIKOP	ESBCN	1296
SIKOP	ILASH	1367
SIKOP	ITMSN	621
SIKOP	ITRAN	91
SLFNA	ARBUE	3712
SLFNA	ARUSH	4596
SLFNA	BRIGI	2613
SLFNA	BRMAO	3034
SLFNA	BRPNG	2882
SLFNA	BRSSZ	2792
SLFNA	CAMTR	4019
SLFNA	CDMAT	1844
SLFNA	CISPY	532
SLFNA	CLPUQ	4731
SLFNA	CUCAI	3916
SLFNA	CUGUB	3650
SLFNA	CVGRA	871
SLFNA	ESLPA	1317
SLFNA	GAPOG	1496
SLFNA	GNCKY	93
SLFNA	GNKMR	153
SLFNA	LRMLW	278
SLFNA	MRNDB	850
SLFNA	SLPEP	11
SLFNA	USPXX	3862
SLFNA	USWSJ	3141
SLFNA	ZACGH	3190
SLFNA	ZACPT	3164
SLPEP	GHTKD	818
SLPEP	JCT_STRAITS_OF_FLORIDA	4118
SLPEP	SLFNA	11
SLPEP	TTPTS	2866
SNDKR	ARBUE	3864
SNDKR	BRAJU	1944
SNDKR	BRBEL	2104
SNDKR	BRIGI	2763
SNDKR	BRPNG	2980
SNDKR	BRSSZ	2942
SNDKR	BSFPO	3467
SNDKR	CISPY	994
SNDKR	CLPUQ	4928
SNDKR	CUGUB	3312
SNDKR	ESLPA	855
SNDKR	ESSCI	1863
SNDKR	ESSCT	846
SNDKR	GNCKY	443
SNDKR	GNKMR	330
SNDKR	HNPCR	4077
SNDKR	HTCAP	3154
SNDKR	JCT_GRAND_BANKS_SOUTH	2336
SNDKR	LCCAS	2543
SNDKR	LRMLW	693
SNDKR	MAAGA	1109
SNDKR	MAEUN	793
SNDKR	MRNDB	373
SNDKR	USPXX	3441
SNDKR	USWSJ	2812
SNDKR	USXMX	3607
SNDKR	USZ2A	3385
SNDKR	USZB4	3557
SNDKR	VELAG	2911
SNDKR	ZACGH	3610
SNDKR	ZACPT	3593
SOMGQ	EGSUZ	2381
SOMGQ	KEMBA	502
SOMGQ	YEADE	1106
SOMGQ	ZACGH	2855
SRPBM	BBBGI	496
SRPBM	BRNAT	1476
SRPBM	GACLZ	3866
SRPBM	VELAG	832
SRPBM	VEPBL	887
SVAQJ	AUPWI	7519
SVAQJ	CLPUQ	4309
SVAQJ	JCT_TORRES_STRAIT_AUSTRALIA	7784
SVAQJ	PABLB	833
SVAQJ	USSFO	2444
SYLTK	BGVAR	950
SYLTK	BSFPO	5628
SYLTK	CYLCA	114
SYLTK	CYLMS	146
SYLTK	DZORN	1764
SYLTK	EGALY	402
SYLTK	EGDMT	310
SYLTK	ESTAR	1662
SYLTK	ESVLC	1765
SYLTK	GRNAI	527
SYLTK	GRPIR	625
SYLTK	ILHFA	168
SYLTK	TNTUN	1258
SYLTK	TRMER	94
SYLTK	TRPAM	841
SYLTK	UAODS	1174
TGLFW	ARUSH	4833
TGLFW	BJCOO	71
TGLFW	BRVIX	2819
TGLFW	CDMAT	1066
TGLFW	CGPNR	910
TGLFW	CIABJ	349
TGLFW	CMDLA	522
TGLFW	GALBV	596
TGLFW	GAPOG	584
TGLFW	GHTKD	200
TGLFW	LRMLW	789
TGLFW	NGAPP	134
THLCH	HKHKG	1546
THLCH	JCT_SELAT_SUNDA_INDONESIA	1269
THLCH	JCT_SELAT_WATAR_INDONESIA	2247
THLCH	JCT_TSUGARU-KAIKYO_JAPAN	3293
THLCH	KRPUS	2610
THLCH	PHMNL	1430
THLCH	SGSIN	759
TNBIZ	DZAAE	116
TNBIZ	DZALG	340
TNBIZ	DZORN	538
TNBIZ	ESAGP	699
TNBIZ	ESCEU	750
TNBIZ	GIGIB	769
TNBIZ	GRPIR	692
TNBIZ	ITCAG	126
TNSFA	CYLCA	1163
TNSFA	EGDMT	1131
TNSFA	ESLEI	881
TNSFA	GIGIB	1043
TNSFA	ITCVV	520
TNSFA	TRDRC	1081
TNTUN	BGVAR	1160
TNTUN	DZAAE	167
TNTUN	DZALG	392
TNTUN	DZORN	589
TNTUN	DZSKI	211
TNTUN	EGALY	1051
TNTUN	EGDMT	1172
TNTUN	ESBCN	492
TNTUN	ESCEU	801
TNTUN	ESVLC	560
TNTUN	GIGIB	820
TNTUN	GRNAI	745
TNTUN	GRSKG	945
TNTUN	ILHFA	1260
TNTUN	ITCAG	169
TNTUN	ITGOA	472
TNTUN	ITMSN	302
TNTUN	ITPMO	193
TNTUN	ITSIR	283
TNTUN	ITTRS	930
TNTUN	LBBEY	1263
TNTUN	SYLTK	1258
TNTUN	TRIZM	896
TNTUN	TRPAM	1050
TNTUN	UAODS	1399
TRDRC	GRSKG	372
TRDRC	TNSFA	1081
TRFET	GRPIR	305
TRFET	ILASH	416
TRIZM	CYLCA	570
TRIZM	CYLMS	566
TRIZM	DZAAE	1014
TRIZM	DZALG	1221
TRIZM	EGALY	547
TRIZM	EGDMT	608
TRIZM	GEPTI	838
TRIZM	GRMJT	84
TRIZM	GRPIR	210
TRIZM	GRRHO	256
TRIZM	GRSKG	259
TRIZM	ILASH	668
TRIZM	ITMSN	614
TRIZM	ITPMO	730
TRIZM	ITTRS	908
TRIZM	TNTUN	896
TRIZM	TRPAM	277
TRIZM	UAODS	640
TRMER	BGVAR	928
TRMER	BSFPO	5610
TRMER	CYLCA	149
TRMER	CYLMS	175
TRMER	DZBJA	1441
TRMER	EGDMT	359
TRMER	GRANK	457
TRMER	GRMJT	551
TRMER	GRPIR	598
TRMER	GRSKG	726
TRMER	LBBEY	179
TRMER	SYLTK	94
TRMER	TRPAM	814
TRPAM	BGVAR	152
TRPAM	CYLMS	718
TRPAM	DZAAE	1168
TRPAM	EGALY	784
TRPAM	EGDMT	804
TRPAM	ESCAR	1573
TRPAM	ESLEI	1642
TRPAM	GEPTI	637
TRPAM	GRPIR	402
TRPAM	GRRHO	445
TRPAM	GRSKG	338
TRPAM	ITAOI	962
TRPAM	ITMSN	768
TRPAM	ITTRS	1063
TRPAM	SYLTK	841
TRPAM	TNTUN	1050
TRPAM	TRIZM	277
TRPAM	TRMER	814
TRPAM	UAODS	406
TTPTS	ANWIL	456
TTPTS	AWSNL	515
TTPTS	CISPY	3302
TTPTS	CRMOB	1313
TTPTS	ESSCT	2804
TTPTS	GNCKY	2856
TTPTS	GYGEO	376
TTPTS	HNPCR	1599
TTPTS	LCCAS	231
TTPTS	LRMLW	3045
TTPTS	NGAPP	3910
TTPTS	SLPEP	2866
TTPTS	VECUP	109
TTPTS	VELAG	329
TTPTS	VEPBL	395
TTPTS	ZACGH	5337
TTPTS	ZASDB	5265
TVFUN	AUBNE	1895
TVFUN	USSFO	4295
TWKEL	CNDLC	851
TWKEL	CNSHA	421
TWKEL	CNTAO	697
TWKEL	HKHKG	474
TWKEL	IDSUB	2150
TWKEL	JPMOJ	740
TWKEL	JPNGS	630
TWKEL	JPWAM	738
TWKEL	JPYOK	1134
TWKEL	KRPUS	716
TWKEL	PHBIY	1286
TWKEL	PHCEB	937
TWKEL	PHMNL	728
TWKEL	TWKHH	274
TWKEL	TWTXG	21
TWKHH	CNDLC	1029
TWKHH	CNSHA	600
TWKHH	HKHKG	342
TWKHH	JPNGO	1234
TWKHH	JPOSA	1125
TWKHH	JPSHS	932
TWKHH	JPTYO	1349
TWKHH	JPUKB	1121
TWKHH	JPYOK	1337
TWKHH	PHBGI	356
TWKHH	TWKEL	274
TWKHH	VNCRB	915
TWKHH	VNNHA	895
TWTXG	CNXMN	227
TWTXG	JPNAH	337
TWTXG	TWKEL	21
TZDAR	AUADL	5657
TZDAR	AUFRE	4513
TZDAR	BRVIX	5380
TZDAR	IDJKT	3895
TZDAR	INCOK	2344
TZDAR	INNSA	2500
TZDAR	IRBND	2887
TZDAR	KEMBA	183
TZDAR	LKCMB	2565
TZDAR	MYPEN	3754
TZDAR	PKKHI	2433
TZDAR	SGSIN	4042
TZDAR	YEADE	1740
TZDAR	ZACGH	2330
TZDAR	ZADUR	1595
TZTGT	KEMBA	69
TZTGT	TZZNZ	75
TZZNZ	MUPLU	1388
TZZNZ	TZTGT	75
UAODS	BGVAR	255
UAODS	CYLMS	1078
UAODS	DZAAE	1516
UAODS	DZALG	1724
UAODS	EGALY	1090
UAODS	EGDMT	1152
UAODS	ESBCN	1737
UAODS	GEPTI	547
UAODS	GRPIR	712
UAODS	GRSKG	686
UAODS	ILHFA	1197
UAODS	ITAOI	1310
UAODS	ITTRS	1411
UAODS	LBBEY	1194
UAODS	SYLTK	1174
UAODS	TNTUN	1399
UAODS	TRIZM	640
UAODS	TRPAM	406
UMAWK	PHMNL	2772
UMAWK	USHNL	2004
UMMDY	HKHKG	3728
UMMDY	JPYOK	2250
UMMDY	PECLL	6280
UMMDY	USHNL	1149
USDUT	AUBNE	5369
USDUT	AUMEL	6321
USDUT	AUSYD	5761
USDUT	CAVAN	1724
USDUT	CLPUQ	8063
USDUT	CNDLC	3435
USDUT	CNSHA	3375
USDUT	CNTAO	3385
USDUT	CNXMN	3771
USDUT	ECGYQ	5552
USDUT	FJSUV	4493
USDUT	GUGUM	3403
USDUT	HKHKG	4026
USDUT	IDSUB	5555
USDUT	JPHKD	2228
USDUT	JPSHS	2892
USDUT	JPUKB	2833
USDUT	JPYOK	2551
USDUT	NCNOU	4857
USDUT	NZAKL	5578
USDUT	PABLB	5246
USDUT	PECLL	5988
USDUT	PFPPT	4400
USDUT	PHMNL	4233
USDUT	SGSIN	5364
USDUT	USHNL	2040
USDUT	USLAX	2382
USDUT	USSEA	1707
USDUT	USSFO	2051
USDUT	VNSGN	4894
USFLL	CUHAV	236
USFLL	GIGIB	3778
USGLS	BZBZE	935
USGLS	COBAQ	1577
USGLS	CRMOB	1394
USGLS	HNPCR	1001
USGLS	JCT_STRAITS_OF_FLORIDA	698
USGLS	JCT_YUCATAN_CHANNEL	696
USGLS	MXTAM	473
USGLS	USZD5	47
USGLS	VEPBL	1899
USHNL	AUBNE	4117
USHNL	AUMEL	4942
USHNL	AUPWI	4792
USHNL	AUSYD	4420
USHNL	CAVAN	2423
USHNL	CLPUQ	6370
USHNL	CNXMN	4592
USHNL	ECGYQ	4853
USHNL	FJSUV	2776
USHNL	GUGUM	3318
USHNL	HKHKG	4857
USHNL	IDSUB	5598
USHNL	JCT_TORRES_STRAIT_AUSTRALIA	4191
USHNL	JPSMZ	3311
USHNL	MHBII	2179
USHNL	MXACA	3289
USHNL	MXLZC	3153
USHNL	NCNOU	3371
USHNL	NZAKL	3820
USHNL	NZWLG	4113
USHNL	PABLB	4685
USHNL	PECLL	5161
USHNL	PFPPT	2381
USHNL	PHGES	4583
USHNL	UMAWK	2004
USHNL	UMMDY	1149
USHNL	USDUT	2040
USHNL	USLAX	2228
USHNL	USNTD	2170
USHNL	USSEA	2409
USHNL	USSFO	2091
USHNL	VNSGN	5542
USILM	ARBUE	5805
USILM	BRIGI	4704
USILM	BRSSA	4023
USILM	BSNAS	561
USILM	CAHAL	1016
USILM	CLPUQ	6881
USILM	CUHAV	767
USILM	CUSCU	1003
USILM	CVGRA	3057
USILM	DOSDQ	1210
USILM	GIGIB	3538
USILM	IEFTR	2942
USILM	IEIIT	3046
USILM	JCT_STRAITS_OF_FLORIDA	761
USILM	JMKIN	1115
USILM	USWSJ	1153
USILM	UYMVD	5691
USILM	ZACPT	6804
USKCD	JCT_GRAND_BANKS_SOUTH	924
USKCD	USNYC	174
USKCD	USPWM	119
USKCD	USPXX	338
USLAX	ASPPG	4163
USLAX	AUBNE	6274
USLAX	AUSYD	6511
USLAX	CAVIC	1091
USLAX	CLARI	4219
USLAX	CLPUQ	5871
USLAX	FJSUV	4788
USLAX	IDSUB	7622
USLAX	JPHKD	4576
USLAX	JPYOK	4839
USLAX	KRPUS	5229
USLAX	MXZLO	1205
USLAX	NCNOU	5521
USLAX	NICIO	2281
USLAX	NZAKL	5658
USLAX	NZWLG	5857
USLAX	PABLB	2913
USLAX	PECLL	3655
USLAX	PFPPT	3571
USLAX	PHMNL	6530
USLAX	USDUT	2382
USLAX	USHNL	2228
USLAX	USYBH	5
USMIO	BRMAO	3106
USMIO	BSFPO	91
USMIO	BSNAS	191
USMIO	CAHAL	1413
USMIO	CUGUB	582
USMIO	CUHAV	222
USMIO	ESSCT	3427
USMIO	ESVGO	3549
USMIO	GBBIK	3663
USMIO	GNCKY	3868
USMIO	JCT_STRAITS_OF_FLORIDA	217
USMIO	JCT_YUCATAN_CHANNEL	387
USMIO	LRMLW	4100
USMIO	MAAGA	3692
USMIO	PTLIS	3560
USMIO	USPXX	940
USMIO	USWSJ	960
USMIO	USXMX	406
USMIO	USZ2A	903
USMIO	USZB4	426
USMIO	VELAG	1190
USMIO	VICHA	991
USMIO	ZACGH	6685
USMOB	BZBZE	846
USMOB	CUHAV	553
USMOB	HNPCR	915
USMOB	JCT_STRAITS_OF_FLORIDA	471
USMOB	JCT_YUCATAN_CHANNEL	558
USMSY	BZBZE	850
USMSY	COBAQ	1458
USMSY	HNPCR	916
USMSY	JCT_STRAITS_OF_FLORIDA	524
USMSY	JCT_YUCATAN_CHANNEL	577
USMSY	MXPGO	556
USMSY	MXTAM	711
USNTD	CAVAN	1102
USNTD	MXESE	194
USNTD	USHNL	2170
USNYC	BRITJ	5205
USNYC	USKCD	174
USPNJ	PAONX	2021
USPNJ	USZNA	0
USPWM	CAMTR	1206
USPWM	USKCD	119
USPXX	ARBHI	6201
USPXX	BRIGI	4817
USPXX	BRMAO	3523
USPXX	BRSSZ	5004
USPXX	BRVIX	4554
USPXX	BSFPO	890
USPXX	BSNAS	930
USPXX	CAYYT	1254
USPXX	CLPUQ	6994
USPXX	CRMOB	2019
USPXX	CUGUB	1284
USPXX	CUHAV	1162
USPXX	CVGRA	3011
USPXX	ESSCT	3062
USPXX	ESVGO	3066
USPXX	FRBES	3160
USPXX	GIGIB	3320
USPXX	GNCKY	3775
USPXX	JCT_STRAITS_OF_FLORIDA	1150
USPXX	MAAGA	3328
USPXX	MQFDF	1724
USPXX	NGAPP	4983
USPXX	PTPDL	2388
USPXX	SHTDC	5169
USPXX	SLFNA	3862
USPXX	SNDKR	3441
USPXX	USKCD	338
USPXX	USMIO	940
USPXX	USWSJ	1395
USPXX	USXMX	673
USPXX	USZ2A	393
USPXX	USZB4	618
USPXX	UYMVD	5804
USPXX	VELAG	1838
USPXX	VEPBL	1845
USPXX	ZACGH	6874
USSD2	CLARI	4149
USSD2	CLIQQ	4218
USSD2	CNSHA	5793
USSD2	ECESM	2940
USSD2	HKHKG	6439
USSD2	JPYOK	4923
USSD2	NICIO	2211
USSD2	PHMNL	6604
USSD2	VNSGN	7267
USSEA	AUBNE	6471
USSEA	AUMEL	7332
USSEA	AUPWI	7181
USSEA	AUSYD	6810
USSEA	CAVAN	126
USSEA	CAVIC	70
USSEA	CLPUQ	6964
USSEA	CNDLC	5131
USSEA	CNXMN	5463
USSEA	ECGYQ	4326
USSEA	FJSUV	5162
USSEA	GUGUM	4948
USSEA	IDSUB	7162
USSEA	JCT_TSUGARU-KAIKYO_JAPAN	3910
USSEA	JPHKD	3922
USSEA	JPSMZ	4155
USSEA	JPYOK	4245
USSEA	NCNOU	5760
USSEA	NZAKL	6170
USSEA	NZWLG	6433
USSEA	PABLB	4020
USSEA	PECLL	4764
USSEA	PFPPT	4296
USSEA	USDUT	1707
USSEA	USHNL	2409
USSFO	AUBWB	7646
USSFO	AUMEL	6970
USSFO	AUPWI	6817
USSFO	AUSYD	6448
USSFO	CAVAN	812
USSFO	CAVIC	745
USSFO	CLARI	4551
USSFO	CLIQQ	4620
USSFO	CLPUQ	6188
USSFO	CNSHA	5398
USSFO	CNTAO	5403
USSFO	CNXMN	5797
USSFO	ECESM	3342
USSFO	FJSUV	4749
USSFO	HKHKG	6044
USSFO	IDJKT	7642
USSFO	IDSUB	7343
USSFO	JCT_TORRES_STRAIT_AUSTRALIA	6249
USSFO	JPHKD	4247
USSFO	JPSHS	4910
USSFO	JPSMZ	4454
USSFO	JPYOK	4536
USSFO	KRPUS	4914
USSFO	NCNOU	5410
USSFO	NICIO	2613
USSFO	NZAKL	5680
USSFO	NZWLG	5900
USSFO	PABLB	3245
USSFO	PECLL	3989
USSFO	PFPPT	3663
USSFO	SVAQJ	2444
USSFO	TVFUN	4295
USSFO	USDUT	2051
USSFO	USHNL	2091
USSFO	USZ2G	5
USSFO	VNSGN	6878
USWSJ	ARBUE	4713
USWSJ	BMBDA	856
USWSJ	BRIGI	3613
USWSJ	BSFPO	872
USWSJ	COBAQ	705
USWSJ	CRMOB	1119
USWSJ	CUGUB	537
USWSJ	CUHAV	979
USWSJ	CUMZO	738
USWSJ	DOSDQ	232
USWSJ	ESSCT	2820
USWSJ	ESVGO	3228
USWSJ	GBBIK	3390
USWSJ	GBPDS	3645
USWSJ	GIGIB	3336
USWSJ	GNKMR	3018
USWSJ	HNPCR	1284
USWSJ	IEFTR	3299
USWSJ	JCT_STRAITS_OF_FLORIDA	1017
USWSJ	MQFDF	385
USWSJ	PTFNC	2773
USWSJ	PTHOR	2294
USWSJ	PTLIS	3185
USWSJ	SLFNA	3141
USWSJ	SNDKR	2812
USWSJ	USILM	1153
USWSJ	USMIO	960
USWSJ	USPXX	1395
USWSJ	USXMX	1153
USWSJ	USZ2A	1374
USWSJ	USZB4	1138
USWSJ	VELAG	506
USWSJ	ZACPT	5767
USXMX	ANWIL	1444
USXMX	ARBUE	5854
USXMX	BRIGI	4726
USXMX	BRMAO	3455
USXMX	BRSSA	4072
USXMX	BRSSZ	4940
USXMX	BSFPO	382
USXMX	BSNAS	503
USXMX	CAHAL	1150
USXMX	CLPUQ	6898
USXMX	CUHAV	606
USXMX	CUSCU	951
USXMX	CVGRA	3169
USXMX	ESLPA	3409
USXMX	ESVGO	3429
USXMX	HNPCR	1189
USXMX	JCT_STRAITS_OF_FLORIDA	603
USXMX	JMPOT	1012
USXMX	MAAGA	3598
USXMX	PTLIS	3468
USXMX	SNDKR	3607
USXMX	USMIO	406
USXMX	USPXX	673
USXMX	USWSJ	1153
USXMX	USZ2A	642
USXMX	USZB4	97
USXMX	UYMVD	5740
USXMX	VELAG	1575
USXMX	ZACPT	6864
USYBH	GUGUM	5310
USYBH	MXESE	139
USYBH	USLAX	5
USYBH	USZ2G	371
USZ2A	ARBHI	6228
USZ2A	BRIGI	4844
USZ2A	BRMAO	3613
USZ2A	BRSSZ	5031
USZ2A	BRVIX	4581
USZ2A	BSFPO	841
USZ2A	BSNAS	880
USZ2A	BZBZE	1625
USZ2A	CAMTR	1769
USZ2A	CAYYT	1400
USZ2A	CLPUQ	7021
USZ2A	CRMOB	1974
USZ2A	CUSCU	1289
USZ2A	CVGRA	3095
USZ2A	ESLPA	3251
USZ2A	FRBES	3308
USZ2A	GIGIB	3466
USZ2A	JCT_STRAITS_OF_FLORIDA	1102
USZ2A	JMPOT	1350
USZ2A	MAAGA	3283
USZ2A	MQFDF	1718
USZ2A	MXPGO	1530
USZ2A	PTHOR	2409
USZ2A	PTPDL	2529
USZ2A	SNDKR	3385
USZ2A	USMIO	903
USZ2A	USPXX	393
USZ2A	USWSJ	1374
USZ2A	USXMX	642
USZ2A	USZB4	593
USZ2A	UYMVD	5831
USZ2A	VELAG	1813
USZ2A	VEPBL	1818
USZ2A	ZACGH	6924
USZ2A	ZASDB	6846
USZ2G	GUGUM	5020
USZ2G	MXLZC	1704
USZ2G	USSFO	5
USZ2G	USYBH	371
USZB4	ANWIL	1472
USZB4	ARBUE	5822
USZB4	BRIGI	4717
USZB4	BRITJ	5103
USZB4	BRMAO	3429
USZB4	BRSSA	4040
USZB4	BRSSZ	4908
USZB4	BSFPO	415
USZB4	BSNAS	507
USZB4	CAHAL	1077
USZB4	CAMTR	1940
USZB4	CLPUQ	6898
USZB4	COBAQ	1391
USZB4	CUGUB	900
USZB4	CUHAV	648
USZB4	CUMZO	1105
USZB4	ESLPA	3341
USZB4	ESSCT	3275
USZB4	FRBES	3452
USZB4	GBBIK	3368
USZB4	IEFTR	3262
USZB4	JCT_STRAITS_OF_FLORIDA	637
USZB4	NGAPP	5070
USZB4	NGLOS	5065
USZB4	PTLIS	3397
USZB4	PTPDL	2644
USZB4	SNDKR	3557
USZB4	USMIO	426
USZB4	USPXX	618
USZB4	USWSJ	1138
USZB4	USXMX	97
USZB4	USZ2A	593
USZB4	UYMVD	5708
USZB4	VELAG	1549
USZB4	ZACGH	6838
USZB4	ZACPT	6830
USZD5	USGLS	47
USZNA	USPNJ	0
UYMVD	AOLAD	4024
UYMVD	ARBHI	466
UYMVD	ARBUE	125
UYMVD	ARPUD	897
UYMVD	BBBGI	4096
UYMVD	BRPNG	797
UYMVD	BRREC	2067
UYMVD	BRRIG	313
UYMVD	BRTRM	450
UYMVD	CAMTR	6344
UYMVD	CLPUQ	1300
UYMVD	FRCQE	5802
UYMVD	GBBIK	5834
UYMVD	GYGEO	3840
UYMVD	JCT_STRAITS_OF_FLORIDA	5598
UYMVD	SHASI	2824
UYMVD	SHTDC	2936
UYMVD	USILM	5691
UYMVD	USPXX	5804
UYMVD	USXMX	5740
UYMVD	USZ2A	5831
UYMVD	USZB4	5708
UYMVD	VICHA	4530
UYMVD	ZACPT	3608
VECUP	COBAQ	734
VECUP	TTPTS	109
VELAG	ANWIL	150
VELAG	AWORJ	207
VELAG	AWSNL	207
VELAG	BRMAO	2164
VELAG	BSFPO	1254
VELAG	BZBZE	1328
VELAG	COBAQ	531
VELAG	COCTG	612
VELAG	CUHAV	1292
VELAG	GBBIK	3777
VELAG	GDSTG	322
VELAG	GIGIB	3634
VELAG	HNPCR	1294
VELAG	LCCAS	405
VELAG	MAAGA	3241
VELAG	SNDKR	2911
VELAG	SRPBM	832
VELAG	TTPTS	329
VELAG	USMIO	1190
VELAG	USPXX	1838
VELAG	USWSJ	506
VELAG	USXMX	1575
VELAG	USZ2A	1813
VELAG	USZB4	1549
VELAG	VEPBL	70
VELAG	VICHA	479
VEPBL	ANWIL	116
VEPBL	BRMAO	2227
VEPBL	BRSSZ	3578
VEPBL	BSFPO	1272
VEPBL	BZBZE	1289
VEPBL	CUHAV	1260
VEPBL	DOSDQ	492
VEPBL	JCT_YUCATAN_CHANNEL	1203
VEPBL	LCCAS	465
VEPBL	PAONX	802
VEPBL	SRPBM	887
VEPBL	TTPTS	395
VEPBL	USGLS	1899
VEPBL	USPXX	1845
VEPBL	USZ2A	1818
VEPBL	VELAG	70
VEPBL	VICHA	506
VICHA	ARBUE	4648
VICHA	BRIGI	3542
VICHA	BRREC	2471
VICHA	CAMTR	2405
VICHA	CLPUQ	5714
VICHA	COCTG	811
VICHA	CUGUB	607
VICHA	CUHAV	1048
VICHA	DOSDQ	300
VICHA	ESLPA	2791
VICHA	GBPDS	3616
VICHA	GPPTP	267
VICHA	HNPCR	1343
VICHA	IEFTR	3279
VICHA	PAONX	1072
VICHA	USMIO	991
VICHA	UYMVD	4530
VICHA	VELAG	479
VICHA	VEPBL	506
VNCRB	HKHKG	707
VNCRB	IDJKT	1103
VNCRB	IDSUB	1251
VNCRB	TWKHH	915
VNCRB	VNHPH	597
VNDAD	HKHKG	520
VNDAD	PHMNL	758
VNDAD	VNSGN	518
VNHPH	CNFOC	975
VNHPH	CNLYG	1575
VNHPH	CNZHA	156
VNHPH	GUGUM	2140
VNHPH	JPHTD	1559
VNHPH	JPSMZ	1969
VNHPH	PHGES	1523
VNHPH	PHMNL	936
VNHPH	VNCRB	597
VNHPH	VNUIH	469
VNNHA	HKHKG	678
VNNHA	SGSIN	769
VNNHA	TWKHH	895
VNNHA	VNSGN	264
VNSGN	CNSHA	1679
VNSGN	CNTAO	1969
VNSGN	ECGYQ	10321
VNSGN	FJSUV	4679
VNSGN	GUGUM	2304
VNSGN	HKHKG	917
VNSGN	IDJKT	1148
VNSGN	IDPNJ	1096
VNSGN	IDSUB	1206
VNSGN	JCT_TORRES_STRAIT_AUSTRALIA	2629
VNSGN	JPIWK	2108
VNSGN	JPYOK	2419
VNSGN	KRPUS	1999
VNSGN	PABLB	10017
VNSGN	PFPPT	6443
VNSGN	PHCEB	1152
VNSGN	PHMNL	907
VNSGN	SGSIN	649
VNSGN	USDUT	4894
VNSGN	USHNL	5542
VNSGN	USSD2	7267
VNSGN	USSFO	6878
VNSGN	VNDAD	518
VNSGN	VNNHA	264
VNSGN	VNUIH	361
VNUIH	JCT_SELAT_SUNDA_INDONESIA	1241
VNUIH	SGSIN	856
VNUIH	VNHPH	469
VNUIH	VNSGN	361
YEADE	AEDXB	1593
YEADE	AUCLN	4958
YEADE	AUFRE	4921
YEADE	DJJIB	148
YEADE	EGSUZ	1288
YEADE	INCOK	1848
YEADE	INMAA	2661
YEADE	INNSA	1657
YEADE	INPPT	2789
YEADE	IRLVP	1578
YEADE	JCT_SELAT_SUNDA_INDONESIA	3842
YEADE	JCT_TORRES_STRAIT_AUSTRALIA	6022
YEADE	JOAQB	1251
YEADE	KEMBA	1602
YEADE	KWSWK	1963
YEADE	LKCMB	2094
YEADE	MUPLU	2341
YEADE	MYPEN	3344
YEADE	MYPKG	3430
YEADE	MZMPM	2953
YEADE	NZWLG	7814
YEADE	OMSLL	601
YEADE	PKKHI	1472
YEADE	SAJED	701
YEADE	SARTA	1773
YEADE	SGSIN	3631
YEADE	SOMGQ	1106
YEADE	TZDAR	1740
ZACGH	AEJEA	4812
ZACGH	AOLAD	1627
ZACGH	AOLOB	1440
ZACGH	ARBUE	3704
ZACGH	AUADL	5754
ZACGH	AUBWB	5032
ZACGH	AUPWI	5530
ZACGH	BDCGP	5492
ZACGH	BJCOO	2560
ZACGH	BRBEL	4368
ZACGH	BRITJ	3445
ZACGH	BRPNG	3496
ZACGH	BRREC	3324
ZACGH	CAMTR	7134
ZACGH	CCPRG	4428
ZACGH	CDBOA	1775
ZACGH	CIABJ	2712
ZACGH	CISPY	2735
ZACGH	DJJIB	4089
ZACGH	ERASA	4056
ZACGH	ESSCT	4453
ZACGH	FRBES	5757
ZACGH	FRCQE	5746
ZACGH	GACLZ	2105
ZACGH	GHTEM	2619
ZACGH	GMBJL	3492
ZACGH	GNCKY	3209
ZACGH	GNKMR	3294
ZACGH	GWOXB	3518
ZACGH	IDLOM	5461
ZACGH	INMAA	4956
ZACGH	INVVA	4654
ZACGH	IRLVP	4785
ZACGH	JCT_STRAITS_OF_FLORIDA	6770
ZACGH	JCT_YUCATAN_CHANNEL	6770
ZACGH	KEMBA	2472
ZACGH	MUPLU	2266
ZACGH	MYPEN	5291
ZACGH	MYPKG	5369
ZACGH	OMSLL	3991
ZACGH	PABLB	6466
ZACGH	PKKHI	4668
ZACGH	REREU	2120
ZACGH	SADMM	4960
ZACGH	SARTA	4980
ZACGH	SLFNA	3190
ZACGH	SNDKR	3610
ZACGH	SOMGQ	2855
ZACGH	TTPTS	5337
ZACGH	TZDAR	2330
ZACGH	USMIO	6685
ZACGH	USPXX	6874
ZACGH	USZ2A	6924
ZACGH	USZB4	6838
ZACGH	ZACPT	35
ZACGH	ZADUR	764
ZACGH	ZAELS	508
ZACGH	ZAMZY	206
ZACGH	ZAPLZ	390
ZACPT	ANWIL	5740
ZACPT	AOLAD	1601
ZACPT	AOSZA	1727
ZACPT	ARBUE	3720
ZACPT	ARPUD	3729
ZACPT	BRREC	3318
ZACPT	BRSSZ	3409
ZACPT	BRVIX	3142
ZACPT	CAMTR	7118
ZACPT	CDBOA	1760
ZACPT	CDMAT	1827
ZACPT	CIABJ	2679
ZACPT	CISPY	2718
ZACPT	CUGUB	6260
ZACPT	CUHAV	6724
ZACPT	ESSCI	5438
ZACPT	ESSCT	4435
ZACPT	GACLZ	2081
ZACPT	GBBIK	5772
ZACPT	GNCKY	3189
ZACPT	GNKMR	3274
ZACPT	JCT_STRAITS_OF_FLORIDA	6766
ZACPT	SHTDC	1697
ZACPT	SLFNA	3164
ZACPT	SNDKR	3593
ZACPT	USILM	6804
ZACPT	USWSJ	5767
ZACPT	USXMX	6864
ZACPT	USZB4	6830
ZACPT	UYMVD	3608
ZACPT	ZACGH	35
ZACPT	ZASDB	57
ZADUR	AUADL	5160
ZADUR	AUALH	4270
ZADUR	AUDRW	5561
ZADUR	AUFRE	4243
ZADUR	BRVIX	3850
ZADUR	EGSUZ	4455
ZADUR	IDJKT	4435
ZADUR	INCOK	3447
ZADUR	INNSA	3826
ZADUR	IRBND	4394
ZADUR	KEMBA	1718
ZADUR	LKCMB	3615
ZADUR	MUPLU	1560
ZADUR	MYPEN	4584
ZADUR	MZMPM	307
ZADUR	PKKHI	3915
ZADUR	REREU	1418
ZADUR	TZDAR	1595
ZADUR	ZACGH	764
ZADUR	ZAELS	258
ZAELS	AUFRE	4304
ZAELS	MZINH	722
ZAELS	ZACGH	508
ZAELS	ZADUR	258
ZAELS	ZAPLZ	131
ZAELS	ZARCB	336
ZAMZY	AUFRE	4525
ZAMZY	ZACGH	206
ZAPLZ	AUADL	5467
ZAPLZ	AUDRW	5767
ZAPLZ	BRVIX	3554
ZAPLZ	CLSAI	5410
ZAPLZ	MYPEN	4921
ZAPLZ	SGSIN	5209
ZAPLZ	ZACGH	390
ZAPLZ	ZAELS	131
ZARCB	AUCLN	4129
ZARCB	INNSA	3725
ZARCB	JCT_SELAT_SUNDA_INDONESIA	4370
ZARCB	PKKHI	3824
ZARCB	ZAELS	336
ZASDB	BRNAT	3374
ZASDB	TTPTS	5265
ZASDB	USZ2A	6846
ZASDB	ZACPT	57
